title,category,price_gbp,rating,availability,upc,scraped_at
It's Only the Himalayas,Travel,45.17,2,19,a22124811bfa8350,2026-03-31 17:00:33
Full Moon over Noah’s Ark: An Odyssey to Mount Ararat and Beyond,Travel,49.43,4,15,ce60436f52c5ee68,2026-03-31 17:00:33
See America: A Celebration of Our National Parks & Treasured Sites,Travel,48.87,3,14,f9705c362f070608,2026-03-31 17:00:33
Vagabonding: An Uncommon Guide to the Art of Long-Term World Travel,Travel,36.94,2,8,1809259a5a5f1d8d,2026-03-31 17:00:33
Under the Tuscan Sun,Travel,37.33,3,7,a94350ee74deaa07,2026-03-31 17:00:33
A Summer In Europe,Travel,44.34,2,7,cc1936a9f4e93477,2026-03-31 17:00:33
The Great Railway Bazaar,Travel,30.54,1,6,48736df57e7bec9f,2026-03-31 17:00:33
A Year in Provence (Provence #1),Travel,56.88,4,6,9e60929f521fa280,2026-03-31 17:00:33
The Road to Little Dribbling: Adventures of an American in Britain (Notes From a Small Island #2),Travel,23.21,1,3,366a236aa1ea6f07,2026-03-31 17:00:33
Neither Here nor There: Travels in Europe,Travel,38.95,3,3,747cf7fca2ccdbd4,2026-03-31 17:00:33
"1,000 Places to See Before You Die",Travel,26.08,5,1,228ba5e7577e1d49,2026-03-31 17:00:33
Sharp Objects,Mystery,47.82,4,20,e00eb4fd7b871a48,2026-03-31 17:00:33
"In a Dark, Dark Wood",Mystery,19.63,1,18,19ed25f4641d5efd,2026-03-31 17:00:33
The Past Never Ends,Mystery,56.5,4,16,5ee94540d0749ea0,2026-03-31 17:00:33
A Murder in Time,Mystery,16.64,1,16,f733e8c19d40ec2e,2026-03-31 17:00:33
The Murder of Roger Ackroyd (Hercule Poirot #4),Mystery,44.1,4,15,c7b5183f4d1d4efe,2026-03-31 17:00:33
The Last Mile (Amos Decker #2),Mystery,54.21,2,14,3bc89353f7e3a3cc,2026-03-31 17:00:33
That Darkness (Gardiner and Renner #1),Mystery,13.92,1,14,0c7b9cf2b7662b65,2026-03-31 17:00:33
Tastes Like Fear (DI Marnie Rome #3),Mystery,10.69,1,14,2d1e337aaf341858,2026-03-31 17:00:33
A Time of Torment (Charlie Parker #14),Mystery,48.35,5,14,4416c474713ec1f5,2026-03-31 17:00:33
A Study in Scarlet (Sherlock Holmes #1),Mystery,16.73,2,14,63ee5bc46066a8a8,2026-03-31 17:00:33
Poisonous (Max Revere Novels #3),Mystery,26.8,3,12,abdd91e96515a617,2026-03-31 17:00:33
Murder at the 42nd Street Library (Raymond Ambler #1),Mystery,54.36,4,12,e7fe3bf2768602cf,2026-03-31 17:00:33
Most Wanted,Mystery,35.28,3,12,c039f5aceb093537,2026-03-31 17:00:33
Hide Away (Eve Duncan #20),Mystery,11.84,1,12,bddc6fd036eb6279,2026-03-31 17:00:33
Boar Island (Anna Pigeon #19),Mystery,59.48,3,12,49b24c6a41b82bd2,2026-03-31 17:00:33
The Widow,Mystery,27.26,2,11,6159d8b187831770,2026-03-31 17:00:33
Playing with Fire,Mystery,13.71,3,11,05a61a3bd8ca4149,2026-03-31 17:00:33
What Happened on Beale Street (Secrets of the South Mysteries #2),Mystery,25.37,5,7,9735c969c652dd89,2026-03-31 17:00:33
The Bachelor Girl's Guide to Murder (Herringford and Watts Mysteries #1),Mystery,52.3,5,7,20789fb17b423c4c,2026-03-31 17:00:33
Delivering the Truth (Quaker Midwife Mystery #1),Mystery,20.89,4,7,4e980425468708da,2026-03-31 17:00:33
The Mysterious Affair at Styles (Hercule Poirot #1),Mystery,24.8,4,6,2da5edf8b5776c9a,2026-03-31 17:00:33
In the Woods (Dublin Murder Squad #1),Mystery,38.38,2,6,6958de044cb28a84,2026-03-31 17:00:33
The Silkworm (Cormoran Strike #2),Mystery,23.05,5,3,f06039c29b5891fa,2026-03-31 17:00:33
The Exiled,Mystery,43.45,3,3,dd003e904727281a,2026-03-31 17:00:33
The Cuckoo's Calling (Cormoran Strike #1),Mystery,19.21,1,3,1be6d3b121865edb,2026-03-31 17:00:33
Extreme Prey (Lucas Davenport #26),Mystery,25.4,3,3,588ba85ff11a3263,2026-03-31 17:00:33
Career of Evil (Cormoran Strike #3),Mystery,24.72,2,3,b461cf238506c5b8,2026-03-31 17:00:33
The No. 1 Ladies' Detective Agency (No. 1 Ladies' Detective Agency #1),Mystery,57.7,4,1,b0913e67d38d5ed5,2026-03-31 17:00:33
The Girl You Lost,Mystery,12.29,5,1,4280ac3eab57aa5d,2026-03-31 17:00:33
The Girl In The Ice (DCI Erika Foster #1),Mystery,15.85,3,1,ee61197edb882599,2026-03-31 17:00:33
Blood Defense (Samantha Brinkman #1),Mystery,20.3,3,1,95cdfd514098c38b,2026-03-31 17:00:33
1st to Die (Women's Murder Club #1),Mystery,53.98,1,1,f684a82adc49f011,2026-03-31 17:00:33
Tipping the Velvet,Historical Fiction,53.74,1,20,90fa61229261140a,2026-03-31 17:00:33
Forever and Forever: The Courtship of Henry Longfellow and Fanny Appleton,Historical Fiction,29.69,3,16,9beb96a2300109d7,2026-03-31 17:00:33
A Flight of Arrows (The Pathfinders #2),Historical Fiction,55.53,5,16,3a6fb983e2554023,2026-03-31 17:00:33
The House by the Lake,Historical Fiction,36.95,1,15,9287e238d7c3b06e,2026-03-31 17:00:33
Mrs. Houdini,Historical Fiction,30.25,5,15,a40723994f715420,2026-03-31 17:00:33
The Marriage of Opposites,Historical Fiction,28.08,4,14,52cf2a5933ec5d8f,2026-03-31 17:00:33
Glory over Everything: Beyond The Kitchen House,Historical Fiction,45.84,3,14,de4b403cb629a29f,2026-03-31 17:00:33
"Love, Lies and Spies",Historical Fiction,20.55,2,12,9546d537fbf99eb6,2026-03-31 17:00:33
A Paris Apartment,Historical Fiction,39.01,4,12,63343e287971bb0c,2026-03-31 17:00:33
Lilac Girls,Historical Fiction,17.28,2,11,bade9943ee01b63f,2026-03-31 17:00:33
The Constant Princess (The Tudor Court #1),Historical Fiction,16.62,3,7,24933c712f0bca2f,2026-03-31 17:00:33
The Invention of Wings,Historical Fiction,37.34,1,6,e6635f5b0a2c78db,2026-03-31 17:00:33
World Without End (The Pillars of the Earth #2),Historical Fiction,32.97,4,5,2e5b4ff08a75fd02,2026-03-31 17:00:33
The Passion of Dolssa,Historical Fiction,28.32,5,4,011674f4a3834b8d,2026-03-31 17:00:33
Girl With a Pearl Earring,Historical Fiction,26.77,1,4,5eff05e59f905a49,2026-03-31 17:00:33
Voyager (Outlander #3),Historical Fiction,21.07,5,3,7feac4000cbc5859,2026-03-31 17:00:33
The Red Tent,Historical Fiction,35.66,5,3,3c456328b04a8ee8,2026-03-31 17:00:33
The Last Painting of Sara de Vos,Historical Fiction,55.55,2,3,476c7972e9b41891,2026-03-31 17:00:33
The Guernsey Literary and Potato Peel Pie Society,Historical Fiction,49.53,1,3,4a0a276409968a73,2026-03-31 17:00:33
Girl in the Blue Coat,Historical Fiction,46.83,2,3,41fc5dce044f16f5,2026-03-31 17:00:33
Between Shades of Gray,Historical Fiction,20.79,5,3,155e42df837ee5ff,2026-03-31 17:00:33
While You Were Mine,Historical Fiction,41.32,5,1,8ceb5c6aed2c5f8b,2026-03-31 17:00:33
The Secret Healer,Historical Fiction,34.56,3,1,38f776ab9118aed7,2026-03-31 17:00:33
Starlark,Historical Fiction,25.83,3,1,e25164e5b3fe208b,2026-03-31 17:00:33
Lost Among the Living,Historical Fiction,27.7,4,1,d510567580c8be52,2026-03-31 17:00:33
A Spy's Devotion (The Regency Spies of London #1),Historical Fiction,16.97,5,1,19fec36a1dfb4c16,2026-03-31 17:00:33
Scott Pilgrim's Precious Little Life (Scott Pilgrim #1),Sequential Art,52.29,5,19,3b1c02bac2a429e6,2026-03-31 17:00:33
Tsubasa: WoRLD CHRoNiCLE 2 (Tsubasa WoRLD CHRoNiCLE #2),Sequential Art,16.28,1,16,09555be379ad9253,2026-03-31 17:00:33
This One Summer,Sequential Art,19.49,4,16,51653ef291ab7ddc,2026-03-31 17:00:33
The Nameless City (The Nameless City #1),Sequential Art,38.16,4,16,7d385d34d12e60ff,2026-03-31 17:00:33
"Saga, Volume 5 (Saga (Collected Editions) #5)",Sequential Art,51.04,2,16,53a3d11bb568cc8b,2026-03-31 17:00:33
"Rat Queens, Vol. 3: Demons (Rat Queens (Collected Editions) #11-15)",Sequential Art,50.4,3,16,c82a3e358c773c73,2026-03-31 17:00:33
"Princess Jellyfish 2-in-1 Omnibus, Vol. 01 (Princess Jellyfish 2-in-1 Omnibus #1)",Sequential Art,13.61,5,16,0fa6dceead7ce47a,2026-03-31 17:00:33
"Pop Gun War, Volume 1: Gift",Sequential Art,18.97,1,16,e80f8e518b300dfe,2026-03-31 17:00:33
Patience,Sequential Art,10.16,3,16,9429b4d59c537af5,2026-03-31 17:00:33
"Outcast, Vol. 1: A Darkness Surrounds Him (Outcast #1)",Sequential Art,15.44,4,16,889139b8e9c4cb36,2026-03-31 17:00:33
orange: The Complete Collection 1 (orange: The Complete Collection #1),Sequential Art,48.41,1,16,11809b1d323b3057,2026-03-31 17:00:33
"Lumberjanes, Vol. 2: Friendship to the Max (Lumberjanes #5-8)",Sequential Art,46.91,2,16,460089f796fb3f82,2026-03-31 17:00:33
"Lumberjanes, Vol. 1: Beware the Kitten Holy (Lumberjanes #1-4)",Sequential Art,45.61,3,16,b6ee99bcf06fc91f,2026-03-31 17:00:33
Lumberjanes Vol. 3: A Terrible Plan (Lumberjanes #9-12),Sequential Art,19.92,2,16,57e5a4d515c8ce44,2026-03-31 17:00:33
"I Hate Fairyland, Vol. 1: Madly Ever After (I Hate Fairyland (Compilations) #1-5)",Sequential Art,29.17,2,16,8d4eefad7a2b3915,2026-03-31 17:00:33
I am a Hero Omnibus Volume 1,Sequential Art,54.63,3,16,1c89ae5bb804e4de,2026-03-31 17:00:33
"Giant Days, Vol. 2 (Giant Days #5-8)",Sequential Art,22.11,2,16,f2df3bb043a8abb0,2026-03-31 17:00:33
Danganronpa Volume 1,Sequential Art,51.99,4,16,09b6cc87e62c2c58,2026-03-31 17:00:33
"Codename Baboushka, Volume 1: The Conclave of Death",Sequential Art,36.72,4,16,8754c83ab2a7ae71,2026-03-31 17:00:33
Camp Midnight,Sequential Art,17.08,4,16,7b599c8bfcdd8d30,2026-03-31 17:00:33
"Bitch Planet, Vol. 1: Extraordinary Machine (Bitch Planet (Collected Editions))",Sequential Art,37.92,2,16,bdf415fd484ea8a7,2026-03-31 17:00:33
The Shadow Hero (The Shadow Hero),Sequential Art,33.14,1,15,d6361d16212664ed,2026-03-31 17:00:33
"Fables, Vol. 1: Legends in Exile (Fables #1)",Sequential Art,41.62,4,15,65d034adf80834b7,2026-03-31 17:00:33
Batman: The Long Halloween (Batman),Sequential Art,36.5,2,15,7edc0527cf782e19,2026-03-31 17:00:33
Batman: The Dark Knight Returns (Batman),Sequential Art,15.38,5,15,47271d8e08b5d31c,2026-03-31 17:00:33
"Wonder Woman: Earth One, Volume One (Wonder Woman: Earth One #1)",Sequential Art,37.34,4,14,047097293bb4d1c0,2026-03-31 17:00:33
"We Are Robin, Vol. 1: The Vigilante Business (We Are Robin #1)",Sequential Art,53.9,1,14,92275cedf6d8ee15,2026-03-31 17:00:33
Through the Woods,Sequential Art,25.38,2,14,6e44bcbeac7f4360,2026-03-31 17:00:33
Superman Vol. 1: Before Truth (Superman by Gene Luen Yang #1),Sequential Art,11.89,5,14,ac8e3949d284e9a9,2026-03-31 17:00:33
"So Cute It Hurts!!, Vol. 6 (So Cute It Hurts!! #6)",Sequential Art,35.43,4,14,394f6d30cafc3edb,2026-03-31 17:00:33
Robin War,Sequential Art,47.82,3,14,85b2176b3b194030,2026-03-31 17:00:33
"Red Hood/Arsenal, Vol. 1: Open for Business (Red Hood/Arsenal #1)",Sequential Art,25.48,2,14,31e2e2d9cca3778f,2026-03-31 17:00:33
"Naruto (3-in-1 Edition), Vol. 14: Includes Vols. 40, 41 & 42 (Naruto: Omnibus #14)",Sequential Art,38.39,2,14,71e36f33981ddb74,2026-03-31 17:00:33
Lowriders to the Center of the Earth (Lowriders in Space #2),Sequential Art,51.51,2,14,a10c7515834240f3,2026-03-31 17:00:33
El Deafo,Sequential Art,57.62,5,14,27c5968fe43cc06e,2026-03-31 17:00:33
Batman: Europa,Sequential Art,32.01,2,14,bf68dcb5fad3cc8c,2026-03-31 17:00:33
Art Ops Vol. 1,Sequential Art,48.8,3,14,ffdc825785c0ede8,2026-03-31 17:00:33
"Adulthood Is a Myth: A ""Sarah's Scribbles"" Collection",Sequential Art,10.9,2,14,5319169a72714c62,2026-03-31 17:00:33
"Fruits Basket, Vol. 9 (Fruits Basket #9)",Sequential Art,33.95,4,9,97187f5cf0385da3,2026-03-31 17:00:33
Roller Girl,Sequential Art,14.1,5,8,aeb51dfbe8aeec59,2026-03-31 17:00:33
"Fruits Basket, Vol. 7 (Fruits Basket #7)",Sequential Art,19.57,1,7,de6d7645f192d517,2026-03-31 17:00:33
"Fruits Basket, Vol. 6 (Fruits Basket #6)",Sequential Art,20.96,4,6,97258f576d4bb672,2026-03-31 17:00:33
"Death Note, Vol. 6: Give-and-Take (Death Note #6)",Sequential Art,36.39,3,6,6e06d0f00f6da20f,2026-03-31 17:00:33
"Fruits Basket, Vol. 5 (Fruits Basket #5)",Sequential Art,16.33,1,5,3fd83dcf37bf1bc0,2026-03-31 17:00:33
"Death Note, Vol. 5: Whiteout (Death Note #5)",Sequential Art,52.41,1,5,1c0a38899c82b60a,2026-03-31 17:00:33
"The Demon Prince of Momochi House, Vol. 4 (The Demon Prince of Momochi House #4)",Sequential Art,27.88,2,4,df53c2948b32bde3,2026-03-31 17:00:33
"Fruits Basket, Vol. 4 (Fruits Basket #4)",Sequential Art,50.44,4,4,8fff1084aa085a13,2026-03-31 17:00:33
"The Wicked + The Divine, Vol. 3: Commercial Suicide (The Wicked + The Divine)",Sequential Art,14.41,3,3,a33ed2e6068df53e,2026-03-31 17:00:33
"The Sandman, Vol. 3: Dream Country (The Sandman (volumes) #3)",Sequential Art,55.55,5,3,91eb9605998a7c03,2026-03-31 17:00:33
"Saga, Volume 3 (Saga (Collected Editions) #3)",Sequential Art,21.57,5,3,7b870bf85d01c2dc,2026-03-31 17:00:33
Prodigy: The Graphic Novel (Legend: The Graphic Novel #2),Sequential Art,43.63,3,3,9707989a439757b4,2026-03-31 17:00:33
Persepolis: The Story of a Childhood (Persepolis #1-2),Sequential Art,39.13,1,3,cb62418129b864a3,2026-03-31 17:00:33
Original Fake,Sequential Art,31.45,3,3,c59283b05905c853,2026-03-31 17:00:33
"Grayson, Vol 3: Nemesis (Grayson #3)",Sequential Art,42.72,1,3,4f6985aca357ae09,2026-03-31 17:00:33
"Fruits Basket, Vol. 3 (Fruits Basket #3)",Sequential Art,45.17,2,3,d5f5a122a593b580,2026-03-31 17:00:33
"Black Butler, Vol. 1 (Black Butler #1)",Sequential Art,49.31,1,3,15f415d436888b2d,2026-03-31 17:00:33
Awkward,Sequential Art,38.02,2,3,1d89a2aa9f6ce50f,2026-03-31 17:00:33
"The Sandman, Vol. 2: The Doll's House (The Sandman (volumes) #2)",Sequential Art,54.81,1,2,276dc716b1da8899,2026-03-31 17:00:33
"Saga, Volume 2 (Saga (Collected Editions) #2)",Sequential Art,11.75,3,2,9189fd009df41d0e,2026-03-31 17:00:33
"Fruits Basket, Vol. 2 (Fruits Basket #2)",Sequential Art,11.64,5,2,c0db71f6bb14db11,2026-03-31 17:00:33
"Y: The Last Man, Vol. 1: Unmanned (Y: The Last Man #1)",Sequential Art,18.51,4,1,09d26b5f819c6a36,2026-03-31 17:00:33
"The Wicked + The Divine, Vol. 1: The Faust Act (The Wicked + The Divine)",Sequential Art,36.52,2,1,dac9d1e654fac737,2026-03-31 17:00:33
"The Sandman, Vol. 1: Preludes and Nocturnes (The Sandman (volumes) #1)",Sequential Art,54.12,3,1,5faefdc861684eb1,2026-03-31 17:00:33
The Complete Maus (Maus #1-2),Sequential Art,10.64,3,1,3301af038a720587,2026-03-31 17:00:33
"Skip Beat!, Vol. 01 (Skip Beat! #1)",Sequential Art,42.12,3,1,2ac720f76384c57e,2026-03-31 17:00:33
"Saga, Volume 1 (Saga (Collected Editions) #1)",Sequential Art,28.48,1,1,4f64568dfefa3ce7,2026-03-31 17:00:33
"Rat Queens, Vol. 1: Sass & Sorcery (Rat Queens (Collected Editions) #1-5)",Sequential Art,46.96,5,1,3cdca3b4a93980f5,2026-03-31 17:00:33
"Paper Girls, Vol. 1 (Paper Girls #1-5)",Sequential Art,21.71,4,1,bcbcbcf0f6ed196f,2026-03-31 17:00:33
"Ouran High School Host Club, Vol. 1 (Ouran High School Host Club #1)",Sequential Art,29.87,3,1,326825e02a198cf6,2026-03-31 17:00:33
"Ms. Marvel, Vol. 1: No Normal (Ms. Marvel (2014-2015) #1)",Sequential Art,39.39,4,1,35a60467893aa168,2026-03-31 17:00:33
"Hawkeye, Vol. 1: My Life as a Weapon (Hawkeye #1)",Sequential Art,45.24,3,1,6fe02600f322a0a9,2026-03-31 17:00:33
"Giant Days, Vol. 1 (Giant Days #1-4)",Sequential Art,56.76,4,1,eb0fe24bbc845ecc,2026-03-31 17:00:33
"Fruits Basket, Vol. 1 (Fruits Basket #1)",Sequential Art,40.28,5,1,72e6fbf4f6382557,2026-03-31 17:00:33
"Bleach, Vol. 1: Strawberry and the Soul Reapers (Bleach #1)",Sequential Art,34.65,5,1,099fae4a0705d63b,2026-03-31 17:00:33
"Ajin: Demi-Human, Volume 1 (Ajin: Demi-Human #1)",Sequential Art,57.06,4,1,bfd5e1701c862ac3,2026-03-31 17:00:33
The Secret Garden,Classics,15.08,4,5,abbb492978ff656d,2026-03-31 17:00:33
The Metamorphosis,Classics,28.58,1,5,93379e3a2072a01b,2026-03-31 17:00:33
The Pilgrim's Progress,Classics,50.26,2,4,6053ddf69c967d5f,2026-03-31 17:00:33
The Hound of the Baskervilles (Sherlock Holmes #5),Classics,14.82,2,4,6587f46697fc4443,2026-03-31 17:00:33
Little Women (Little Women #1),Classics,28.07,4,4,deda806b68b0aa11,2026-03-31 17:00:33
Gone with the Wind,Classics,32.49,3,4,23310ce84d3c9f85,2026-03-31 17:00:33
Candide,Classics,58.63,3,4,2798974abc8a58a8,2026-03-31 17:00:33
Animal Farm,Classics,57.22,3,4,1451b55e5e56bb89,2026-03-31 17:00:33
Wuthering Heights,Classics,17.73,3,3,5a7ff9aaa3168878,2026-03-31 17:00:33
The Picture of Dorian Gray,Classics,29.7,2,3,b9f6305a3d650e2c,2026-03-31 17:00:33
The Complete Stories and Poems (The Works of Edgar Allan Poe [Cameo Edition]),Classics,26.78,4,3,cad70d6ffd53912f,2026-03-31 17:00:33
Beowulf,Classics,38.35,2,3,3fb69f34e178d494,2026-03-31 17:00:33
And Then There Were None,Classics,35.01,2,3,cfe350b20d23b02b,2026-03-31 17:00:33
The Story of Hong Gildong,Classics,43.19,4,1,32d035df92ab9080,2026-03-31 17:00:33
The Little Prince,Classics,45.42,2,1,1aeca7d078d57deb,2026-03-31 17:00:33
Sense and Sensibility,Classics,37.46,1,1,35e44170702139a4,2026-03-31 17:00:33
Of Mice and Men,Classics,47.11,2,1,39592d9d72e717c4,2026-03-31 17:00:33
Emma,Classics,32.93,2,1,2e69730561ed70ad,2026-03-31 17:00:33
Alice in Wonderland (Alice's Adventures in Wonderland #1),Classics,55.53,1,1,cd2a2a70dd5d176d,2026-03-31 17:00:33
Sophie's World,Philosophy,15.94,5,18,6be3beb0793a53e7,2026-03-31 17:00:33
The Death of Humanity: and the Case for Life,Philosophy,58.11,4,16,bd261725b99f5983,2026-03-31 17:00:33
The Stranger,Philosophy,17.44,4,15,f5a92cff83897d48,2026-03-31 17:00:33
Proofs of God: Classical Arguments from Tertullian to Barth,Philosophy,54.21,1,8,d56d0710668bb39c,2026-03-31 17:00:33
Kierkegaard: A Christian Missionary to Christians,Philosophy,47.13,1,8,0cf57cb49272fd37,2026-03-31 17:00:33
"At The Existentialist Café: Freedom, Being, and apricot cocktails with: Jean-Paul Sartre, Simone de Beauvoir, Albert Camus, Martin Heidegger, Edmund Husserl, Karl Jaspers, Maurice Merleau-Ponty and others",Philosophy,29.93,5,7,6b52904b2ab91bf6,2026-03-31 17:00:33
Critique of Pure Reason,Philosophy,20.75,1,5,429b4a811bef386c,2026-03-31 17:00:33
"Run, Spot, Run: The Ethics of Keeping Pets",Philosophy,20.02,1,2,b0e479be03911916,2026-03-31 17:00:33
The Nicomachean Ethics,Philosophy,36.34,1,1,5c10b64db3e4f228,2026-03-31 17:00:33
Meditations,Philosophy,25.89,2,1,4f19709e47883df5,2026-03-31 17:00:33
Beyond Good and Evil,Philosophy,43.38,1,1,08672cd59171d5e4,2026-03-31 17:00:33
Chase Me (Paris Nights #2),Romance,25.27,5,19,c2e46a2ee3b4a322,2026-03-31 17:00:33
Black Dust,Romance,34.53,5,19,00bfed9e18bb36f3,2026-03-31 17:00:33
Her Backup Boyfriend (The Sorensen Family #1),Romance,33.97,1,16,2a97cffe61c3c4c7,2026-03-31 17:00:33
First and First (Five Boroughs #3),Romance,15.97,4,16,9e28048cea8d41f7,2026-03-31 17:00:33
Fifty Shades Darker (Fifty Shades #2),Romance,21.96,1,16,7add3f8e49ec0826,2026-03-31 17:00:33
The Wedding Dress,Romance,24.12,1,15,623e1a180426039b,2026-03-31 17:00:33
Suddenly in Love (Lake Haven #1),Romance,55.99,2,15,203b7f94b7d6115f,2026-03-31 17:00:33
Something More Than This,Romance,16.24,4,15,ca71e72655bece85,2026-03-31 17:00:33
Doing It Over (Most Likely To #1),Romance,35.61,3,15,3a11bb962ff45b78,2026-03-31 17:00:33
The Wedding Pact (The O'Malleys #2),Romance,32.61,3,14,c5cb9f885d8b3621,2026-03-31 17:00:33
Hold Your Breath (Search and Rescue #1),Romance,28.82,1,14,0b165bd4b9f42fd5,2026-03-31 17:00:33
Dirty (Dive Bar #1),Romance,40.83,4,12,df7e628bad5782b4,2026-03-31 17:00:33
Take Me Home Tonight (Rock Star Romance #3),Romance,53.98,3,11,cf62fa272b5f0fa3,2026-03-31 17:00:33
Off the Hook (Fishing for Trouble #1),Romance,47.67,3,11,b783ce08802cd1d1,2026-03-31 17:00:33
A Gentleman's Position (Society of Gentlemen #3),Romance,14.75,5,11,40c4bf520c17de54,2026-03-31 17:00:33
"Sit, Stay, Love",Romance,20.9,3,7,bd087cf6a846db75,2026-03-31 17:00:33
A Girl's Guide to Moving On (New Beginnings #2),Romance,31.3,1,5,cf3b86489890b9f2,2026-03-31 17:00:33
The Perfect Play (Play by Play #1),Romance,59.99,3,4,9cc207168a03470d,2026-03-31 17:00:33
Dark Lover (Black Dagger Brotherhood #1),Romance,12.87,1,4,2b69d289279aabfd,2026-03-31 17:00:33
Changing the Game (Play by Play #2),Romance,13.38,3,4,aaebac5fda798b1b,2026-03-31 17:00:33
A Walk to Remember,Romance,56.43,1,4,aead11697d14ea36,2026-03-31 17:00:33
The Purest Hook (Second Circle Tattoos #3),Romance,12.25,1,3,969f6c7e86554814,2026-03-31 17:00:33
The Obsession,Romance,45.43,1,3,ee441c8e027caa66,2026-03-31 17:00:33
Reservations for Two,Romance,11.1,3,3,ecdf73ee66c33b17,2026-03-31 17:00:33
Best of My Love (Fool's Gold #20),Romance,27.41,2,3,67dea6c75d6a1075,2026-03-31 17:00:33
Where Lightning Strikes (Bleeding Stars #3),Romance,39.77,3,1,def389ddfda6991b,2026-03-31 17:00:33
This One Moment (Pushing Limits #1),Romance,48.71,1,1,d6d98d3508c30f57,2026-03-31 17:00:33
"Rhythm, Chord & Malykhin",Romance,28.34,2,1,9efb397067eb7e8a,2026-03-31 17:00:33
My Perfect Mistake (Over the Top #1),Romance,38.92,2,1,fd78f89878479f56,2026-03-31 17:00:33
Listen to Me (Fusion #1),Romance,58.99,3,1,6e712ea24e77bd96,2026-03-31 17:00:33
Imperfect Harmony,Romance,34.74,4,1,f28f7299d38c0932,2026-03-31 17:00:33
Fighting Fate (Fighting #6),Romance,39.24,3,1,6390772a3094939d,2026-03-31 17:00:33
Deep Under (Walker Security #1),Romance,47.09,5,1,0072b94dfa30608e,2026-03-31 17:00:33
Charity's Cross (Charles Towne Belles #4),Romance,41.24,1,1,a96404cb928895f3,2026-03-31 17:00:33
Bounty (Colorado Mountain #7),Romance,37.26,4,1,abc0b15f2c907ff0,2026-03-31 17:00:33
I Had a Nice Time And Other Lies...: How to find love & sh*t like that,Womens Fiction,57.36,4,15,fd8585283fc7d2d7,2026-03-31 17:00:33
Will You Won't You Want Me?,Womens Fiction,13.86,3,12,077b635ff2afc578,2026-03-31 17:00:33
Keep Me Posted,Womens Fiction,20.46,4,11,20dc4f1ac5d4fd9c,2026-03-31 17:00:33
Grey (Fifty Shades #4),Womens Fiction,48.49,4,11,b5953ca1f8a0b8d7,2026-03-31 17:00:33
Meternity,Womens Fiction,43.58,3,7,725cd8d23d78cdca,2026-03-31 17:00:33
Some Women,Womens Fiction,13.73,5,4,31f5bbf4974d29c9,2026-03-31 17:00:33
Shopaholic Ties the Knot (Shopaholic #3),Womens Fiction,48.39,5,4,38199c5d7da0c0ef,2026-03-31 17:00:33
Can You Keep a Secret?,Womens Fiction,21.94,1,4,0812f54c93d726ce,2026-03-31 17:00:33
Twenties Girl,Womens Fiction,42.8,2,3,8ebad30219b8679c,2026-03-31 17:00:33
The Undomestic Goddess,Womens Fiction,45.75,4,3,813cff2aefa5d1f0,2026-03-31 17:00:33
The Nanny Diaries (Nanny #1),Womens Fiction,52.53,5,3,6263c1d2997b8ce0,2026-03-31 17:00:33
The Devil Wears Prada (The Devil Wears Prada #1),Womens Fiction,44.29,1,3,a6ab0cb7106a67f2,2026-03-31 17:00:33
Something Borrowed (Darcy & Rachel #1),Womens Fiction,48.96,5,3,ac27ab4bcd9c492e,2026-03-31 17:00:33
Something Blue (Darcy & Rachel #2),Womens Fiction,54.62,1,3,3fc9d51d1c4d6ba7,2026-03-31 17:00:33
I've Got Your Number,Womens Fiction,19.69,1,3,6b32b561dab8036c,2026-03-31 17:00:33
The Edge of Reason (Bridget Jones #2),Womens Fiction,19.18,4,1,29fc016c459aeb14,2026-03-31 17:00:33
Bridget Jones's Diary (Bridget Jones #1),Womens Fiction,29.82,1,1,a2b4b685dfa94733,2026-03-31 17:00:33
Soumission,Fiction,50.1,1,20,6957f44c3847a760,2026-03-31 17:00:33
Private Paris (Private #10),Fiction,47.61,5,17,b12b89017878a60d,2026-03-31 17:00:33
"We Love You, Charlie Freeman",Fiction,50.27,5,16,8d455c7539795d2a,2026-03-31 17:00:33
Thirst,Fiction,17.27,5,16,709822d0b5bcb7f4,2026-03-31 17:00:33
The Murder That Never Was (Forensic Instincts #5),Fiction,54.11,3,16,d01ac97e2b8947c2,2026-03-31 17:00:33
Tuesday Nights in 1980,Fiction,21.04,2,15,b8736690cf263a3c,2026-03-31 17:00:33
The Vacationers,Fiction,42.15,4,15,fd3a622648667296,2026-03-31 17:00:33
The Regional Office Is Under Attack!,Fiction,51.36,5,15,0651062381f0636a,2026-03-31 17:00:33
Finders Keepers (Bill Hodges Trilogy #2),Fiction,53.53,5,15,edb3097e71330040,2026-03-31 17:00:33
The Time Keeper,Fiction,27.88,5,14,e9906e2f0d189745,2026-03-31 17:00:33
The Testament of Mary,Fiction,52.67,4,14,081305e6df719dff,2026-03-31 17:00:33
The First Hostage (J.B. Collins #2),Fiction,25.85,3,14,a86972014275e072,2026-03-31 17:00:33
Take Me with You,Fiction,45.21,3,14,2c04320e110a14a3,2026-03-31 17:00:33
Still Life with Bread Crumbs,Fiction,26.41,3,14,fe44cc816576c652,2026-03-31 17:00:33
Shtum,Fiction,55.84,4,14,830fb3967c74866d,2026-03-31 17:00:33
My Name Is Lucy Barton,Fiction,41.56,1,14,727bf2b86b19ad88,2026-03-31 17:00:33
My Mrs. Brown,Fiction,24.48,3,14,cc82685d9f49bc2c,2026-03-31 17:00:33
Mr. Mercedes (Bill Hodges Trilogy #1),Fiction,28.9,1,14,caa2e5b3fb1b2d4c,2026-03-31 17:00:33
I Am Pilgrim (Pilgrim #1),Fiction,10.6,4,14,aeff7b87a8e83ebb,2026-03-31 17:00:33
Eligible (The Austen Project #4),Fiction,27.09,3,14,9eaf58b03a2779cc,2026-03-31 17:00:33
Eight Hundred Grapes,Fiction,14.39,4,14,1d6dd0c87d90fe92,2026-03-31 17:00:33
Dear Mr. Knightley,Fiction,11.21,5,14,94a958ea126cdcd5,2026-03-31 17:00:33
Cometh the Hour (The Clifton Chronicles #6),Fiction,25.01,3,14,28cf0d1c51b491e5,2026-03-31 17:00:33
Balloon Animals,Fiction,17.03,3,14,9b65f676984c9f0c,2026-03-31 17:00:33
A Man Called Ove,Fiction,39.72,1,14,8682c03de6a844ff,2026-03-31 17:00:33
The Silent Sister (Riley MacPherson #1),Fiction,46.29,5,12,ce1ae197ada2aec4,2026-03-31 17:00:33
The Dinner Party,Fiction,56.54,2,12,c6ca293d4810e0d5,2026-03-31 17:00:33
The Improbability of Love,Fiction,59.45,1,11,437d8dea9272d0a9,2026-03-31 17:00:33
Mothering Sunday,Fiction,13.34,2,11,47e1b2d43f709995,2026-03-31 17:00:33
Lies and Other Acts of Love,Fiction,45.14,1,11,469508882dfc1991,2026-03-31 17:00:33
Daredevils,Fiction,16.34,3,11,f608c903c451f387,2026-03-31 17:00:33
11/22/63,Fiction,48.48,3,11,a9d7b75461084a26,2026-03-31 17:00:33
The Shack,Fiction,28.03,1,9,903a9f8090104c2c,2026-03-31 17:00:33
The High Mountains of Portugal,Fiction,51.15,1,8,4f283dfcbeccc0d4,2026-03-31 17:00:33
Miller's Valley,Fiction,58.54,2,8,bff270fe9c86a5a9,2026-03-31 17:00:33
Hystopia: A Novel,Fiction,21.96,4,8,0bfdef63285d3019,2026-03-31 17:00:33
The Bourne Identity (Jason Bourne #1),Fiction,42.78,4,7,d250657f0ebc5d73,2026-03-31 17:00:33
Sister Dear,Fiction,40.2,4,7,7ffebdd1d5148aef,2026-03-31 17:00:33
Memoirs of a Geisha,Fiction,49.67,3,7,dac4b5847454fd9b,2026-03-31 17:00:33
Me Before You (Me Before You #1),Fiction,19.02,1,6,7a2b51f69e81c722,2026-03-31 17:00:33
Deception Point,Fiction,40.32,4,6,4e3b183180e2a992,2026-03-31 17:00:33
The Little Paris Bookshop,Fiction,24.73,3,5,dfd9ff1f343cdaff,2026-03-31 17:00:33
The Firm,Fiction,45.56,3,5,ad84f18659e6bfe2,2026-03-31 17:00:33
The Expatriates,Fiction,44.58,2,5,fe7210553d56c097,2026-03-31 17:00:33
Siddhartha,Fiction,34.22,5,5,84bb29c53592ac40,2026-03-31 17:00:33
Last One Home (New Beginnings #1),Fiction,59.98,3,5,07e6810fd3236bda,2026-03-31 17:00:33
Digital Fortress,Fiction,58.0,5,5,94bb629a3f6dd00b,2026-03-31 17:00:33
Atlas Shrugged,Fiction,26.58,5,4,78a4ac98191ac675,2026-03-31 17:00:33
Three-Martini Lunch,Fiction,23.21,3,3,57f755143ee96fd4,2026-03-31 17:00:33
The Nightingale,Fiction,26.26,4,3,29d6d87f3418638b,2026-03-31 17:00:33
The Infinities,Fiction,27.41,1,3,554e9e2d532b3a87,2026-03-31 17:00:33
The Husband's Secret,Fiction,52.51,5,3,ff6bb30dd0c482a6,2026-03-31 17:00:33
The Da Vinci Code (Robert Langdon #2),Fiction,22.96,2,3,dabf11918b48b40c,2026-03-31 17:00:33
The Art of Fielding,Fiction,22.1,1,3,2858ac90c4758e1f,2026-03-31 17:00:33
Lila (Gilead #3),Fiction,12.47,3,3,4ef75307fb64e2ad,2026-03-31 17:00:33
Jurassic Park (Jurassic Park #1),Fiction,44.97,1,3,a0dd11f6abc421ec,2026-03-31 17:00:33
Inferno (Robert Langdon #4),Fiction,41.0,5,3,6c4646d90b60a56c,2026-03-31 17:00:33
Crazy Rich Asians (Crazy Rich Asians #1),Fiction,49.13,5,3,c9782ad2a0ed9331,2026-03-31 17:00:33
Big Little Lies,Fiction,22.11,1,3,d3f9c4539c0caa64,2026-03-31 17:00:33
The Course of Love,Fiction,16.78,3,2,f3c76b53b239f511,2026-03-31 17:00:33
When I'm Gone,Fiction,51.96,3,1,c5f91eb481427dc5,2026-03-31 17:00:33
The Silent Wife,Fiction,12.34,5,1,b78deb463531d078,2026-03-31 17:00:33
The Bette Davis Club,Fiction,30.66,3,1,dfb0849016bc122c,2026-03-31 17:00:33
Kitchens of the Great Midwest,Fiction,57.2,5,1,06f6a57a6d532844,2026-03-31 17:00:33
Bright Lines,Fiction,39.07,5,1,230ac636ea0ea415,2026-03-31 17:00:33
Birdsong: A Story in Pictures,Childrens,54.64,3,19,9528d0948525bf5f,2026-03-31 17:00:33
The Bear and the Piano,Childrens,36.89,1,18,9f6568e9c95f60b0,2026-03-31 17:00:33
The Secret of Dreadwillow Carse,Childrens,56.13,1,16,b5ea0b5dabed25a8,2026-03-31 17:00:33
The White Cat and the Monk: A Retelling of the Poem “Pangur Bán”,Childrens,58.08,4,15,37c0cb19713d8dda,2026-03-31 17:00:33
Little Red,Childrens,13.47,3,15,4aa03792b50f0b22,2026-03-31 17:00:33
Walt Disney's Alice in Wonderland,Childrens,12.96,5,14,6a31307a81e8f3a8,2026-03-31 17:00:33
Twenty Yawns,Childrens,22.08,2,14,1d6443ffba9dfd80,2026-03-31 17:00:33
Rain Fish,Childrens,23.57,3,14,a6454e329f872b78,2026-03-31 17:00:33
Once Was a Time,Childrens,18.28,2,14,e34efcc824685332,2026-03-31 17:00:33
Luis Paints the World,Childrens,53.95,3,14,5b43cae640f2338a,2026-03-31 17:00:33
Nap-a-Roo,Childrens,25.08,1,9,913e7109cec0cb4c,2026-03-31 17:00:33
The Whale,Childrens,35.96,4,7,0ff9d10864db8364,2026-03-31 17:00:33
"Shrunken Treasures: Literary Classics, Short, Sweet, and Silly",Childrens,52.87,3,7,9639e89d20228e6e,2026-03-31 17:00:33
Raymie Nightingale,Childrens,34.41,2,7,31c56c4d0fe19340,2026-03-31 17:00:33
Playing from the Heart,Childrens,32.38,1,7,68008abf6409dfde,2026-03-31 17:00:33
Maybe Something Beautiful: How Art Transformed a Neighborhood,Childrens,22.54,1,5,81c68492ccd72941,2026-03-31 17:00:33
The Wild Robot,Childrens,56.07,3,3,75fed6a47f69859d,2026-03-31 17:00:33
The Thing About Jellyfish,Childrens,48.77,1,3,3d15714d4d3d15dd,2026-03-31 17:00:33
The Lonely Ones,Childrens,43.59,5,3,cf2f27fdf94ba20e,2026-03-31 17:00:33
The Day the Crayons Came Home (Crayons),Childrens,26.33,5,3,b22362b434e8ee62,2026-03-31 17:00:33
The Cat in the Hat (Beginner Books B-1),Childrens,16.26,2,3,b7f475238ed50429,2026-03-31 17:00:33
Red: The True Story of Red Riding Hood,Childrens,28.54,3,3,4c8ece50736f9e88,2026-03-31 17:00:33
Horrible Bear!,Childrens,37.52,2,3,cc1ac978a6835ef6,2026-03-31 17:00:33
Green Eggs and Ham (Beginner Books B-16),Childrens,10.79,4,3,621e2c310cec8d32,2026-03-31 17:00:33
Counting Thyme,Childrens,10.62,1,3,157f693d9e600ccc,2026-03-31 17:00:33
Are We There Yet?,Childrens,10.66,3,3,ef9c4f2465513956,2026-03-31 17:00:33
Diary of a Minecraft Zombie Book 1: A Scare of a Dare (An Unofficial Minecraft Book),Childrens,52.88,4,2,d7b463918d3b8c39,2026-03-31 17:00:33
Matilda,Childrens,28.34,1,1,1053fb7ee17a1f33,2026-03-31 17:00:33
Charlie and the Chocolate Factory (Charlie Bucket #1),Childrens,22.85,3,1,1774749f2cee292f,2026-03-31 17:00:33
"Don't Be a Jerk: And Other Practical Advice from Dogen, Japan's Greatest Zen Master",Religion,37.97,2,16,fce19f9b4a943f22,2026-03-31 17:00:33
You Are What You Love: The Spiritual Power of Habit,Religion,21.87,4,15,796c87ddbbaaf8c5,2026-03-31 17:00:33
God: The Most Unpleasant Character in All Fiction,Religion,30.03,5,14,eec424a84c9e4c68,2026-03-31 17:00:33
The Book of Mormon,Religion,24.57,3,9,3f25a2fedae191cc,2026-03-31 17:00:33
"A History of God: The 4,000-Year Quest of Judaism, Christianity, and Islam",Religion,27.62,1,4,d12ca4020c2f602e,2026-03-31 17:00:33
The Bhagavad Gita,Religion,57.49,3,1,f3a0b8c835129558,2026-03-31 17:00:33
Choosing Our Religion: The Spiritual Lives of America's Nones,Religion,28.42,4,1,a812f6969ddf3e39,2026-03-31 17:00:33
Worlds Elsewhere: Journeys Around Shakespeare’s Globe,Nonfiction,40.3,5,18,4c28def39d850cdf,2026-03-31 17:00:33
The Five Love Languages: How to Express Heartfelt Commitment to Your Mate,Nonfiction,31.05,3,18,3c039985229453bf,2026-03-31 17:00:33
Reasons to Stay Alive,Nonfiction,26.41,2,17,c8f7f0cb1abb9cac,2026-03-31 17:00:33
#HigherSelfie: Wake Up Your Life. Free Your Soul. Find Your Tribe.,Nonfiction,23.11,5,17,c27f6e1f185b0383,2026-03-31 17:00:33
"Unseen City: The Majesty of Pigeons, the Discreet Charm of Snails & Other Wonders of the Urban Wilderness",Nonfiction,44.18,4,16,d170b5a0da46380e,2026-03-31 17:00:33
Throwing Rocks at the Google Bus: How Growth Became the Enemy of Prosperity,Nonfiction,31.12,3,16,7858914fad68493c,2026-03-31 17:00:33
The Life-Changing Magic of Tidying Up: The Japanese Art of Decluttering and Organizing,Nonfiction,16.77,3,16,0da9aa9d24677fc0,2026-03-31 17:00:33
The Gutsy Girl: Escapades for Your Life of Epic Adventure,Nonfiction,37.13,1,16,acd86a5426e21ca0,2026-03-31 17:00:33
The Electric Pencil: Drawings from Inside State Hospital No. 3,Nonfiction,56.06,1,16,a30b270e25489e5c,2026-03-31 17:00:33
Spark Joy: An Illustrated Master Class on the Art of Organizing and Tidying Up,Nonfiction,41.83,4,16,87b0615b6e1f4d7b,2026-03-31 17:00:33
Reskilling America: Learning to Labor in the Twenty-First Century,Nonfiction,19.83,2,16,d7310206583a54b6,2026-03-31 17:00:33
In the Country We Love: My Family Divided,Nonfiction,22.0,4,16,b136b1b180ca753a,2026-03-31 17:00:33
Everydata: The Misinformation Hidden in the Little Data You Consume Every Day,Nonfiction,54.35,2,16,311c0dd0e354a33e,2026-03-31 17:00:33
Call the Nurse: True Stories of a Country Nurse on a Scottish Isle,Nonfiction,29.14,5,16,bee3672891cca906,2026-03-31 17:00:33
Algorithms to Live By: The Computer Science of Human Decisions,Nonfiction,30.81,1,16,38d45839cb1c83c1,2026-03-31 17:00:33
The Power of Now: A Guide to Spiritual Enlightenment,Nonfiction,43.54,2,15,8ec14b1576cb7cb5,2026-03-31 17:00:33
The Omnivore's Dilemma: A Natural History of Four Meals,Nonfiction,38.21,2,15,209adad1015af86f,2026-03-31 17:00:33
The Genius of Birds,Nonfiction,17.24,1,15,42d0d7c92b75fc1c,2026-03-31 17:00:33
The Artist's Way: A Spiritual Path to Higher Creativity,Nonfiction,38.49,5,15,dd047728de72ad62,2026-03-31 17:00:33
So You've Been Publicly Shamed,Nonfiction,12.23,2,15,1b33663ad7b95fd8,2026-03-31 17:00:33
"Daring Greatly: How the Courage to Be Vulnerable Transforms the Way We Live, Love, Parent, and Lead",Nonfiction,19.43,3,15,3b9a3b4624b7fd6d,2026-03-31 17:00:33
Big Magic: Creative Living Beyond Fear,Nonfiction,30.8,3,15,1f329c2e7d7de8bd,2026-03-31 17:00:33
Becoming Wise: An Inquiry into the Mystery and Art of Living,Nonfiction,27.43,2,15,919e7cb2269a25d2,2026-03-31 17:00:33
Agnostic: A Spirited Manifesto,Nonfiction,12.51,5,15,d195e7f4ed697350,2026-03-31 17:00:33
Whole Lotta Creativity Going On: 60 Fun and Unusual Exercises to Awaken and Strengthen Your Creativity,Nonfiction,38.2,4,14,44a10f1ac8ce822e,2026-03-31 17:00:33
What's It Like in Space?: Stories from Astronauts Who've Been There,Nonfiction,19.6,2,14,6fd646a334e6e133,2026-03-31 17:00:33
The Year of Magical Thinking,Nonfiction,43.04,2,14,34c0d7c4ee5650af,2026-03-31 17:00:33
The Literature Book (Big Ideas Simply Explained),Nonfiction,17.43,3,14,4881cc53f6c8892f,2026-03-31 17:00:33
The Bad-Ass Librarians of Timbuktu: And Their Race to Save the World’s Most Precious Manuscripts,Nonfiction,15.77,1,14,923831a05c9f91f7,2026-03-31 17:00:33
Swell: A Year of Waves,Nonfiction,45.58,1,14,4c8b7540409da4ac,2026-03-31 17:00:33
No Dream Is Too High: Life Lessons From a Man Who Walked on the Moon,Nonfiction,21.95,2,14,132ec5e8c984adef,2026-03-31 17:00:33
Looking for Lovely: Collecting the Moments that Matter,Nonfiction,29.14,5,14,24af96df0bafb925,2026-03-31 17:00:33
Let It Out: A Journey Through Journaling,Nonfiction,26.79,5,14,1174156c4a0eccaa,2026-03-31 17:00:33
Hamilton: The Revolution,Nonfiction,58.79,3,14,afa829857f82f99e,2026-03-31 17:00:33
"Far & Away: Places on the Brink of Change: Seven Continents, Twenty-Five Years",Nonfiction,15.06,4,14,ac4dde0d1be05de0,2026-03-31 17:00:33
"Eaternity: More than 150 Deliciously Easy Vegan Recipes for a Long, Healthy, Satisfied, Joyful Life",Nonfiction,51.75,5,14,a01f6d368ef64dc5,2026-03-31 17:00:33
Buying In: The Secret Dialogue Between What We Buy and Who We Are,Nonfiction,37.8,4,14,16ef91b9d827859c,2026-03-31 17:00:33
Brain on Fire: My Month of Madness,Nonfiction,49.32,5,14,a80f66b254fe9eb3,2026-03-31 17:00:33
Abstract City,Nonfiction,56.37,5,14,cf1aa2fc02a7d1e0,2026-03-31 17:00:33
13 Hours: The Inside Account of What Really Happened In Benghazi,Nonfiction,27.06,1,13,4be9d1910f8a4e80,2026-03-31 17:00:33
The Lonely City: Adventures in the Art of Being Alone,Nonfiction,33.26,2,12,582a21a1dbbef3cf,2026-03-31 17:00:33
The Diary of a Young Girl,Nonfiction,59.9,3,12,54fc03f1e1d355db,2026-03-31 17:00:33
Snatched: How A Drug Queen Went Undercover for the DEA and Was Kidnapped By Colombian Guerillas,Nonfiction,21.21,3,12,f40fea200e0c644f,2026-03-31 17:00:33
Furiously Happy: A Funny Book About Horrible Things,Nonfiction,41.46,4,12,c6a29d6df8de968c,2026-03-31 17:00:33
"The Sleep Revolution: Transforming Your Life, One Night at a Time",Nonfiction,11.68,4,11,985991708c47003e,2026-03-31 17:00:33
"Mother, Can You Not?",Nonfiction,16.89,5,11,28b2df9fadc9f07e,2026-03-31 17:00:33
A Mother's Reckoning: Living in the Aftermath of Tragedy,Nonfiction,19.53,3,11,2b69dec0193511d9,2026-03-31 17:00:33
"10% Happier: How I Tamed the Voice in My Head, Reduced Stress Without Losing My Edge, and Found Self-Help That Actually Works",Nonfiction,24.57,2,10,34669b2e9d407d3a,2026-03-31 17:00:33
Chernobyl 01:23:40: The Incredible True Story of the World's Worst Nuclear Disaster,Nonfiction,35.92,2,9,7186241e043de5dc,2026-03-31 17:00:33
"Zero to One: Notes on Startups, or How to Build the Future",Nonfiction,34.06,3,8,e77033ce559947f7,2026-03-31 17:00:33
Why Not Me?,Nonfiction,17.76,1,8,04f6c929888f4f11,2026-03-31 17:00:33
When Breath Becomes Air,Nonfiction,39.36,2,8,b69c852e7e3956af,2026-03-31 17:00:33
"The Midnight Assassin: Panic, Scandal, and the Hunt for America's First Serial Killer",Nonfiction,28.45,4,8,5a0d2e9284004266,2026-03-31 17:00:33
Smarter Faster Better: The Secrets of Being Productive in Life and Business,Nonfiction,38.89,5,8,a2475a245c9907c4,2026-03-31 17:00:33
Rising Strong,Nonfiction,21.82,3,8,52fc458ffc756faf,2026-03-31 17:00:33
Man's Search for Meaning,Nonfiction,29.48,3,8,4729afff3bea0f0a,2026-03-31 17:00:33
"Love That Boy: What Two Presidents, Eight Road Trips, and My Son Taught Me About a Parent's Expectations",Nonfiction,25.06,2,8,4d3a4c7b442a9a4e,2026-03-31 17:00:33
Living Forward: A Proven Plan to Stop Drifting and Get the Life You Want,Nonfiction,12.55,3,8,044534b0b28b4e87,2026-03-31 17:00:33
I Will Find You,Nonfiction,44.21,1,8,bbf1ea50be8008ab,2026-03-31 17:00:33
Brazen: The Courage to Find the You That's Been Hiding,Nonfiction,19.22,2,8,77e9ea355bd8ae57,2026-03-31 17:00:33
Between the World and Me,Nonfiction,56.91,4,8,04e3de7ac35ec5cd,2026-03-31 17:00:33
Being Mortal: Medicine and What Matters in the End,Nonfiction,55.06,4,8,15ebd83e53d0391b,2026-03-31 17:00:33
"A Murder Over a Girl: Justice, Gender, Junior High",Nonfiction,13.2,3,8,fef91502cbacf23a,2026-03-31 17:00:33
For the Love: Fighting for Grace in a World of Impossible Standards,Nonfiction,45.13,3,7,2e40333991f56f45,2026-03-31 17:00:33
Finding God in the Ruins: How God Redeems Pain,Nonfiction,46.64,2,7,4e78f06160b717ac,2026-03-31 17:00:33
The Man Who Mistook His Wife for a Hat and Other Clinical Tales,Nonfiction,59.45,4,6,60376aa71be66083,2026-03-31 17:00:33
In Cold Blood,Nonfiction,49.98,4,6,fe0f34ebed689381,2026-03-31 17:00:33
"Girl, Interrupted",Nonfiction,42.14,3,6,384c7d41d5ffe9d1,2026-03-31 17:00:33
Why Save the Bankers?: And Other Essays on Our Economic and Political Crisis,Nonfiction,48.67,2,5,759ee7d059b1beb8,2026-03-31 17:00:33
Talking to Girls About Duran Duran: One Young Man's Quest for True Love and a Cooler Haircut,Nonfiction,25.15,4,5,1dba84766a5e87b8,2026-03-31 17:00:33
My Mother Was Nuts,Nonfiction,31.63,4,5,a4ce39a3720cd679,2026-03-31 17:00:33
"Data, A Love Story: How I Gamed Online Dating to Meet My Match",Nonfiction,32.35,3,5,bcf567421c581f0a,2026-03-31 17:00:33
The Jazz of Physics: The Secret Link Between Music and the Structure of the Universe,Nonfiction,38.71,3,4,6a57286a8890d8c5,2026-03-31 17:00:33
The Gunning of America: Business and the Making of American Gun Culture,Nonfiction,16.81,4,4,45033bdf3d9ed158,2026-03-31 17:00:33
The Geography of Bliss: One Grump's Search for the Happiest Places in the World,Nonfiction,28.23,2,4,c65ee14957c0fa5c,2026-03-31 17:00:33
God Is Not Great: How Religion Poisons Everything,Nonfiction,27.8,1,4,ddbc5530d2939d49,2026-03-31 17:00:33
We the People: The Modern-Day Figures Who Have Reshaped and Affirmed the Founding Fathers' Vision of America,Nonfiction,31.95,3,3,06bab964fd536971,2026-03-31 17:00:33
Very Good Lives: The Fringe Benefits of Failure and the Importance of Imagination,Nonfiction,50.66,3,3,52aa3d79b1cee455,2026-03-31 17:00:33
"Unstuffed: Decluttering Your Home, Mind, and Soul",Nonfiction,58.09,1,3,b830685072fa871f,2026-03-31 17:00:33
Under the Banner of Heaven: A Story of Violent Faith,Nonfiction,30.0,1,3,599a4f98bb193368,2026-03-31 17:00:33
"Trespassing Across America: One Man's Epic, Never-Done-Before (and Sort of Illegal) Hike Across the Heartland",Nonfiction,53.51,1,3,2173a2ce35f6ace1,2026-03-31 17:00:33
The Name of God is Mercy,Nonfiction,37.25,2,3,0baf71623648413a,2026-03-31 17:00:33
Stiff: The Curious Lives of Human Cadavers,Nonfiction,36.74,3,3,a11ae5f07572ef49,2026-03-31 17:00:33
Spilled Milk: Based on a True Story,Nonfiction,49.51,1,3,f08667e4c0458f37,2026-03-31 17:00:33
"Rise of the Rocket Girls: The Women Who Propelled Us, from Missiles to the Moon to Mars",Nonfiction,41.67,4,3,89cad3f37c9ce226,2026-03-31 17:00:33
Outliers: The Story of Success,Nonfiction,14.16,1,3,09a7b0b566ad6225,2026-03-31 17:00:33
Notes from a Small Island (Notes From a Small Island #1),Nonfiction,40.17,1,3,cb65e49993db9a93,2026-03-31 17:00:33
Night (The Night Trilogy #1),Nonfiction,13.51,1,3,c4d9fce9eff3b8ba,2026-03-31 17:00:33
"Miracles from Heaven: A Little Girl, Her Journey to Heaven, and Her Amazing Story of Healing",Nonfiction,57.83,1,3,7980fa06f2b704d8,2026-03-31 17:00:33
Letter to a Christian Nation,Nonfiction,22.2,1,3,1de75f05d57bfc10,2026-03-31 17:00:33
Let's Pretend This Never Happened: A Mostly True Memoir,Nonfiction,45.11,1,3,1246e4ffeb5ac4ea,2026-03-31 17:00:33
It's Never Too Late to Begin Again: Discovering Creativity and Meaning at Midlife and Beyond,Nonfiction,42.38,1,3,d4a29356fc992879,2026-03-31 17:00:33
Into the Wild,Nonfiction,56.7,5,3,a7c3f1010d64799a,2026-03-31 17:00:33
"In the Garden of Beasts: Love, Terror, and an American Family in Hitler's Berlin",Nonfiction,28.85,3,3,d8292cd5f1aca291,2026-03-31 17:00:33
I Am Malala: The Girl Who Stood Up for Education and Was Shot by the Taliban,Nonfiction,28.88,2,3,8010c7c148057fd3,2026-03-31 17:00:33
Gratitude,Nonfiction,26.66,5,3,c300cc9326592b65,2026-03-31 17:00:33
Disrupted: My Misadventure in the Start-Up Bubble,Nonfiction,15.28,5,3,81372abc86f65c79,2026-03-31 17:00:33
Brave Enough,Nonfiction,51.32,5,3,fd2337c1b73b686e,2026-03-31 17:00:33
"Born to Run: A Hidden Tribe, Superathletes, and the Greatest Race the World Has Never Seen",Nonfiction,27.35,2,3,e256de8aa0c2115f,2026-03-31 17:00:33
Blink: The Power of Thinking Without Thinking,Nonfiction,21.74,5,3,0bbc48294707ba96,2026-03-31 17:00:33
Black Flags: The Rise of ISIS,Nonfiction,40.87,1,3,860318b8e244f39c,2026-03-31 17:00:33
Are We Smart Enough to Know How Smart Animals Are?,Nonfiction,56.58,1,3,da0349a87c8caa2f,2026-03-31 17:00:33
A Walk in the Woods: Rediscovering America on the Appalachian Trail,Nonfiction,30.48,4,3,bcee4f289ff6699c,2026-03-31 17:00:33
"The Suffragettes (Little Black Classics, #96)",Nonfiction,11.89,2,2,d2185b65af52d68c,2026-03-31 17:00:33
Kindle Paperwhite User's Guide,Nonfiction,34.0,3,2,fb495f9f9015a772,2026-03-31 17:00:33
H is for Hawk,Nonfiction,57.42,5,2,b6d3f4f4ee1f6069,2026-03-31 17:00:33
Travels with Charley: In Search of America,Nonfiction,57.82,5,1,0268f149d014b389,2026-03-31 17:00:33
The Tumor,Nonfiction,41.56,5,1,6514add13c82b115,2026-03-31 17:00:33
The End of the Jesus Era (An Investigation #1),Nonfiction,14.4,1,1,09659d1639a1f978,2026-03-31 17:00:33
"Eat, Pray, Love",Nonfiction,51.32,3,1,df56868afd166557,2026-03-31 17:00:33
Rip it Up and Start Again,Music,35.02,5,19,a34ba96d4081e6a4,2026-03-31 17:00:33
"Our Band Could Be Your Life: Scenes from the American Indie Underground, 1981-1991",Music,57.25,3,19,deda3e61b9514b83,2026-03-31 17:00:33
How Music Works,Music,37.32,2,19,327f68a59745c102,2026-03-31 17:00:33
Love Is a Mix Tape (Music #1),Music,18.03,1,14,adb5f51c2e2ab13f,2026-03-31 17:00:33
Please Kill Me: The Uncensored Oral History of Punk,Music,31.19,4,8,4a823d80aa30dbb0,2026-03-31 17:00:33
Kill 'Em and Leave: Searching for James Brown and the American Soul,Music,45.05,5,8,39eefec3a8498dde,2026-03-31 17:00:33
"Chronicles, Vol. 1",Music,52.6,2,7,4781b6bfd6f7a2c5,2026-03-31 17:00:33
This Is Your Brain on Music: The Science of a Human Obsession,Music,38.4,1,5,bc209a900101f28d,2026-03-31 17:00:33
"Orchestra of Exiles: The Story of Bronislaw Huberman, the Israel Philharmonic, and the One Thousand Jews He Saved from Nazi Horrors",Music,12.36,3,4,2ba5ccc84d35006c,2026-03-31 17:00:33
No One Here Gets Out Alive,Music,20.02,5,4,3a95f5a2df4ff921,2026-03-31 17:00:33
Life,Music,31.58,5,2,637e5a45062aa548,2026-03-31 17:00:33
Old Records Never Die: One Man's Quest for His Vinyl and His Past,Music,55.66,2,1,a1985630339f4b3d,2026-03-31 17:00:33
Forever Rockers (The Rocker #12),Music,28.8,3,1,e564c3f1a93ccf2e,2026-03-31 17:00:33
"The Coming Woman: A Novel Based on the Life of the Infamous Feminist, Victoria Woodhull",Default,17.93,3,19,e72a5dfc7e9267b2,2026-03-31 17:00:33
The Boys in the Boat: Nine Americans and Their Epic Quest for Gold at the 1936 Berlin Olympics,Default,22.6,4,19,e10e1e165dc8be4a,2026-03-31 17:00:33
"Starving Hearts (Triangular Trade Trilogy, #1)",Default,13.99,2,19,0312262ecafa5a40,2026-03-31 17:00:33
America's Cradle of Quarterbacks: Western Pennsylvania's Football Factory from Johnny Unitas to Joe Montana,Default,22.5,3,19,c7d160c2c0de586f,2026-03-31 17:00:33
Aladdin and His Wonderful Lamp,Default,53.13,3,19,904208d6aa64b655,2026-03-31 17:00:33
Penny Maybe,Default,33.29,3,18,668fe56b17cfcd4f,2026-03-31 17:00:33
Maude (1883-1993):She Grew Up with the country,Default,18.02,2,18,094b269567e1c300,2026-03-31 17:00:33
"The Inefficiency Assassin: Time Management Tactics for Working Smarter, Not Longer",Default,20.59,5,16,8c9e6bf2467d740d,2026-03-31 17:00:33
Soul Reader,Default,39.58,2,16,e6af5bf1163c1151,2026-03-31 17:00:33
Bossypants,Default,49.46,2,16,74baabfc8fd84b38,2026-03-31 17:00:33
A World of Flavor: Your Gluten Free Passport,Default,42.95,1,16,70ed59f194b3c556,2026-03-31 17:00:33
"A Piece of Sky, a Grain of Rice: A Memoir in Four Meditations",Default,56.76,5,16,8a380641491d43ed,2026-03-31 17:00:33
Tracing Numbers on a Train,Default,41.6,3,15,d7d6d50c1e3d0b81,2026-03-31 17:00:33
Thirteen Reasons Why,Default,52.72,1,15,bc2a85fd35fdc7bd,2026-03-31 17:00:33
The Secret (The Secret #1),Default,27.37,4,15,961f18db4f138211,2026-03-31 17:00:33
The Psychopath Test: A Journey Through the Madness Industry,Default,36.0,2,15,e98a4efa85070c2f,2026-03-31 17:00:33
The Kite Runner,Default,41.82,4,15,eac1a180047ad54e,2026-03-31 17:00:33
The Girl on the Train,Default,55.02,2,15,e956d67c9bcc5809,2026-03-31 17:00:33
The Emerald Mystery,Default,23.15,2,15,d6670dfe3e7b42bd,2026-03-31 17:00:33
The Bridge to Consciousness: I'm Writing the Bridge Between Science and Our Old and New Beliefs.,Default,32.0,3,15,efc3768127714ec3,2026-03-31 17:00:33
The Art of War,Default,33.34,5,15,e7469e22b5bfb3e7,2026-03-31 17:00:33
Secrets and Lace (Fatal Hearts #1),Default,20.27,1,15,ad04ad9fc179fc5d,2026-03-31 17:00:33
Romero and Juliet: A Tragic Tale of Love and Zombies,Default,36.94,1,15,e656e280bc8edd56,2026-03-31 17:00:33
Poses for Artists Volume 1 - Dynamic and Sitting Poses: An Essential Reference for Figure Drawing and the Human Form,Default,41.06,1,15,d9c643fa1fc57bdb,2026-03-31 17:00:33
Miss Peregrine’s Home for Peculiar Children (Miss Peregrine’s Peculiar Children #1),Default,10.76,1,15,af96613fdd793a3c,2026-03-31 17:00:33
Large Print Heart of the Pride,Default,19.15,2,15,c1afd71fc86bf682,2026-03-31 17:00:33
Grumbles,Default,22.16,2,15,d163dd6c352fbcd2,2026-03-31 17:00:33
First Steps for New Christians (Print Edition),Default,29.0,1,15,2f88b08bf0a0e367,2026-03-31 17:00:33
Eureka Trivia 6.0,Default,54.59,4,15,29c0025455f8c585,2026-03-31 17:00:33
Drive: The Surprising Truth About What Motivates Us,Default,34.95,4,15,6ffb36aaeff1c81e,2026-03-31 17:00:33
Done Rubbed Out (Reightman & Bailey #1),Default,37.72,5,15,f6d967cdadc6fbd9,2026-03-31 17:00:33
Beauty Restored (Riley Family Legacy Novellas #3),Default,11.11,2,15,3f69e667a67e54d9,2026-03-31 17:00:33
Ayumi's Violin,Default,15.48,2,15,05f7c6d9a4e582d3,2026-03-31 17:00:33
Anonymous,Default,46.82,4,15,d24b829be2ca81c4,2026-03-31 17:00:33
Amy Meets the Saints and Sages,Default,18.46,3,15,7ebfa6c1bee69e1e,2026-03-31 17:00:33
Amatus,Default,50.54,5,15,ffd54178acc9a6a5,2026-03-31 17:00:33
V for Vendetta (V for Vendetta Complete),Default,37.1,4,14,4a1debca3135ff37,2026-03-31 17:00:33
"Unbroken: A World War II Story of Survival, Resilience, and Redemption",Default,45.95,2,14,76c84daa539426e2,2026-03-31 17:00:33
The Wright Brothers,Default,56.8,4,14,08b2f71d93836313,2026-03-31 17:00:33
The Songs of the Gods,Default,44.48,5,14,00c4543ec6bd25b4,2026-03-31 17:00:33
The Rosie Project (Don Tillman #1),Default,54.04,1,14,012094e90a4b908d,2026-03-31 17:00:33
The Power of Habit: Why We Do What We Do in Life and Business,Default,16.88,3,14,6bdd909329435e80,2026-03-31 17:00:33
Steve Jobs,Default,39.5,5,14,95019eac1c0a052f,2026-03-31 17:00:33
Luckiest Girl Alive,Default,49.83,3,14,d512871626a5e588,2026-03-31 17:00:33
"Living Leadership by Insight: A Good Leader Achieves, a Great Leader Builds Monuments",Default,46.91,4,14,17fb5a88180f9904,2026-03-31 17:00:33
Lady Midnight (The Dark Artifices #1),Default,16.28,5,14,708345c9897fd7c5,2026-03-31 17:00:33
"Hush, Hush (Hush, Hush #1)",Default,47.02,3,14,6b6cd77fbc91b7a6,2026-03-31 17:00:33
Greek Mythic History,Default,10.23,5,14,f201f263d8c23f97,2026-03-31 17:00:33
Every Last Word,Default,46.47,3,14,a2bd4ca82d908442,2026-03-31 17:00:33
Daily Fantasy Sports,Default,36.58,1,14,0e94a089328be4bc,2026-03-31 17:00:33
Clockwork Angel (The Infernal Devices #1),Default,44.14,1,14,42b0c50fc44140ec,2026-03-31 17:00:33
City of Fallen Angels (The Mortal Instruments #4),Default,11.23,4,14,1e264c677d4ee4ae,2026-03-31 17:00:33
City of Bones (The Mortal Instruments #1),Default,43.28,1,14,5b987e54ee72525c,2026-03-31 17:00:33
City of Ashes (The Mortal Instruments #2),Default,47.27,1,14,8a6ec2761f91dad2,2026-03-31 17:00:33
"Carry On, Warrior: Thoughts on Life Unarmed",Default,31.85,3,14,1b0fc9f777cad045,2026-03-31 17:00:33
Carrie,Default,46.23,2,14,5f22418922fa728b,2026-03-31 17:00:33
Angels & Demons (Robert Langdon #1),Default,51.48,3,14,ad41c24ccac0c7ce,2026-03-31 17:00:33
"The Three Searches, Meaning, and the Story",Default,13.33,3,13,ac5e0d3938caf686,2026-03-31 17:00:33
Raspberry Pi Electronics Projects for the Evil Genius,Default,49.67,4,12,ebf81a62e4798fd1,2026-03-31 17:00:33
How to Speak Golf: An Illustrated Guide to Links Lingo,Default,58.32,5,12,b978c9852cde91bd,2026-03-31 17:00:33
Eleanor & Park,Default,56.51,5,12,6983328f15506cb9,2026-03-31 17:00:33
Troublemaker: Surviving Hollywood and Scientology,Default,48.39,2,11,515cb8fcafb1ad98,2026-03-31 17:00:33
Adultery,Default,20.88,5,11,bb967277222e689c,2026-03-31 17:00:33
Unlimited Intuition Now,Default,58.87,4,9,4fd0a2a350f016e6,2026-03-31 17:00:33
Underlying Notes,Default,11.82,2,9,0967effecd292a86,2026-03-31 17:00:33
The New Brand You: Your New Image Makes the Sale for You,Default,44.05,5,9,4b50fb1359ebf35d,2026-03-31 17:00:33
The Flowers Lied,Default,16.68,2,9,33396269bcce166f,2026-03-31 17:00:33
"NaNo What Now? Finding your editing process, revising your NaNoWriMo book and building a writing career through publishing and beyond",Default,10.41,4,9,ee6c67859d70186b,2026-03-31 17:00:33
Modern Day Fables,Default,47.44,2,9,6baac632f7711e26,2026-03-31 17:00:33
The Unlikely Pilgrimage of Harold Fry (Harold Fry #1),Default,43.62,5,8,e0bdd79c7304ee8d,2026-03-31 17:00:33
The Martian (The Martian #1),Default,41.39,2,8,9afd00e81d6208e6,2026-03-31 17:00:33
Left Behind (Left Behind #1),Default,40.72,2,8,29af1a2566c4e36e,2026-03-31 17:00:33
John Vassos: Industrial Design for Modern Life,Default,20.22,4,8,bd26e8a79a856c31,2026-03-31 17:00:33
I'll Give You the Sun,Default,56.48,1,8,0ab4b35dcffcffd1,2026-03-31 17:00:33
Heaven is for Real: A Little Boy's Astounding Story of His Trip to Heaven and Back,Default,52.86,2,8,d48c1369927ebef1,2026-03-31 17:00:33
Ender's Game (The Ender Quintet #1),Default,43.64,1,8,e049d44c4f1cf1b2,2026-03-31 17:00:33
Death by Leisure: A Cautionary Tale,Default,37.51,4,8,4dbd54d9e36c9566,2026-03-31 17:00:33
Wildlife of New York: A Five-Borough Coloring Book,Default,22.14,2,7,b46d022080543144,2026-03-31 17:00:33
The Year of Living Biblically: One Man's Humble Quest to Follow the Bible as Literally as Possible,Default,34.72,1,7,4a0b78598b42897a,2026-03-31 17:00:33
The Great Gatsby,Default,36.05,4,7,a8dbf1c6b41b885a,2026-03-31 17:00:33
The Good Girl,Default,49.03,3,7,f935412970c9f58f,2026-03-31 17:00:33
The 7 Habits of Highly Effective People: Powerful Lessons in Personal Change,Default,33.17,4,7,5fbd03b1ac0a0e69,2026-03-31 17:00:33
Steal Like an Artist: 10 Things Nobody Told You About Being Creative,Default,20.9,2,7,8776181be110838a,2026-03-31 17:00:33
Life of Pi,Default,13.22,4,7,40cdcbb7692fd408,2026-03-31 17:00:33
The Sound Of Love,Default,57.84,5,6,5ba3d703d1ae0c1d,2026-03-31 17:00:33
The Perks of Being a Wallflower,Default,55.02,3,6,fd364afd082f5446,2026-03-31 17:00:33
The Makings of a Fatherless Child,Default,31.58,2,6,2efa5a839e62b1bd,2026-03-31 17:00:33
The Hobbit (Middle-Earth Universe),Default,17.8,5,6,72b5355dda190b6a,2026-03-31 17:00:33
The Fellowship of the Ring (The Lord of the Rings #1),Default,10.27,2,6,cb17945cb90b7837,2026-03-31 17:00:33
Ship Leaves Harbor: Essays on Travel by a Recovering Journeyman,Default,30.6,3,6,8d8e9f9b8730eb25,2026-03-31 17:00:33
Musicophilia: Tales of Music and the Brain,Default,46.58,1,6,6d235933670503d9,2026-03-31 17:00:33
What If?: Serious Scientific Answers to Absurd Hypothetical Questions,Default,53.68,4,5,163d89116179c33f,2026-03-31 17:00:33
The Fault in Our Stars,Default,47.22,1,5,3661360c99719414,2026-03-31 17:00:33
The Dream Thieves (The Raven Cycle #2),Default,34.5,1,5,fec06f52054ea900,2026-03-31 17:00:33
The 5th Wave (The 5th Wave #1),Default,11.83,2,5,b716233fcb6877e6,2026-03-31 17:00:33
Shiver (The Wolves of Mercy Falls #1),Default,16.23,5,5,59a8ae019b64f2a7,2026-03-31 17:00:33
Remember Me?,Default,11.48,3,5,2973d38c2fbd7a5c,2026-03-31 17:00:33
If I Stay (If I Stay #1),Default,38.13,5,5,7284d85428305f5a,2026-03-31 17:00:33
I Know Why the Caged Bird Sings (Maya Angelou's Autobiography #1),Default,36.55,2,5,d219d4e325e6f204,2026-03-31 17:00:33
Harry Potter and the Deathly Hallows (Harry Potter #7),Default,23.32,1,5,6c49258724f11770,2026-03-31 17:00:33
Fool Me Once,Default,16.96,1,5,630e766f0a1987dd,2026-03-31 17:00:33
Drama,Default,38.7,2,5,d5ad4c92d8bf26c9,2026-03-31 17:00:33
"Blue Lily, Lily Blue (The Raven Cycle #3)",Default,34.13,5,5,ad5e078beceaeb4a,2026-03-31 17:00:33
Alight (The Generations Trilogy #2),Default,58.59,4,5,d9290e99f189ce84,2026-03-31 17:00:33
Vogue Colors A to Z: A Fashion Coloring Book,Default,52.35,4,4,a8f4577a48023344,2026-03-31 17:00:33
The Shining (The Shining #1),Default,27.88,3,4,d4de23aa98acc65b,2026-03-31 17:00:33
The Hunger Games (The Hunger Games #1),Default,29.85,5,4,6d2f70d9424f41a1,2026-03-31 17:00:33
Outlander (Outlander #1),Default,19.67,5,4,5de4baa88061a77a,2026-03-31 17:00:33
Mockingjay (The Hunger Games #3),Default,20.44,4,4,5212c6acea3359e5,2026-03-31 17:00:33
Harry Potter and the Sorcerer's Stone (Harry Potter #1),Default,13.9,3,4,ac337893a9fe0085,2026-03-31 17:00:33
Confessions of a Shopaholic (Shopaholic #1),Default,48.94,2,4,a2dc754afb69bb32,2026-03-31 17:00:33
Zero History (Blue Ant #3),Default,34.77,1,3,634b7165c96ebb9f,2026-03-31 17:00:33
World War Z: An Oral History of the Zombie War,Default,21.8,1,3,5d55202da0252627,2026-03-31 17:00:33
Wild: From Lost to Found on the Pacific Crest Trail,Default,46.02,3,3,d30b9215c72cca87,2026-03-31 17:00:33
"Where'd You Go, Bernadette",Default,18.13,1,3,07bb35158d9dd3d2,2026-03-31 17:00:33
Twilight (Twilight #1),Default,41.93,2,3,b53078de0147f6bf,2026-03-31 17:00:33
The Paris Wife,Default,36.8,3,3,fa26798728f5208f,2026-03-31 17:00:33
The Maze Runner (The Maze Runner #1),Default,20.93,1,3,4266f48a0aa1c37d,2026-03-31 17:00:33
The Lover's Dictionary,Default,58.09,2,3,36c15687f5ab0f7c,2026-03-31 17:00:33
The Goldfinch,Default,43.58,3,3,c88422d8959260ab,2026-03-31 17:00:33
The Giver (The Giver Quartet #1),Default,12.3,1,3,e2dac1f4739e0bd5,2026-03-31 17:00:33
The Girl Who Played with Fire (Millennium Trilogy #2),Default,22.14,2,3,bfa9cb304075d3e8,2026-03-31 17:00:33
The Demon-Haunted World: Science as a Candle in the Dark,Default,52.25,4,3,f51062bf579507d9,2026-03-31 17:00:33
The Book Thief,Default,53.49,2,3,a75e274c8814b539,2026-03-31 17:00:33
The Autobiography of Malcolm X,Default,23.43,2,3,b04a6a0db525857d,2026-03-31 17:00:33
Shopaholic & Baby (Shopaholic #5),Default,46.45,2,3,c57d3c96af23c297,2026-03-31 17:00:33
Quiet: The Power of Introverts in a World That Can't Stop Talking,Default,43.55,1,3,3c565df219ba3274,2026-03-31 17:00:33
Packing for Mars: The Curious Science of Life in the Void,Default,56.68,2,3,8e2dfd6bcf48e1e6,2026-03-31 17:00:33
Orange Is the New Black,Default,24.61,2,3,8378c899988905ee,2026-03-31 17:00:33
One for the Money (Stephanie Plum #1),Default,32.87,2,3,3250650a5c4e6f07,2026-03-31 17:00:33
Morning Star (Red Rising #3),Default,29.4,1,3,7ce5a92baabb6bc0,2026-03-31 17:00:33
Life After Life,Default,26.13,2,3,4ec53ff7e2263f32,2026-03-31 17:00:33
"Lean In: Women, Work, and the Will to Lead",Default,25.02,1,3,d5e1a9bfe22bbf9f,2026-03-31 17:00:33
Is Everyone Hanging Out Without Me? (And Other Concerns),Default,20.11,3,3,034829ffdd0a0aea,2026-03-31 17:00:33
Gone Girl,Default,37.6,5,3,d5c588b6f9c015e4,2026-03-31 17:00:33
Fellside,Default,38.62,1,3,147019cae600694e,2026-03-31 17:00:33
Eclipse (Twilight #3),Default,18.74,1,3,73f71f9556442117,2026-03-31 17:00:33
Dracula,Default,52.62,3,3,a7ec599c1a547746,2026-03-31 17:00:33
Dead Wake: The Last Crossing of the Lusitania,Default,39.24,5,3,04d858cdeeee0da4,2026-03-31 17:00:33
"David and Goliath: Underdogs, Misfits, and the Art of Battling Giants",Default,17.81,1,3,d234ddecef49ef4e,2026-03-31 17:00:33
Dark Places,Default,23.9,5,3,66937c669c4da072,2026-03-31 17:00:33
Breaking Dawn (Twilight #4),Default,35.28,5,3,bbfc4a3b7b6c94a0,2026-03-31 17:00:33
Beautiful Creatures (Caster Chronicles #1),Default,21.55,5,3,5439bae708bca198,2026-03-31 17:00:33
A Visit from the Goon Squad,Default,14.08,5,3,5dbd6ec4e154ad2f,2026-03-31 17:00:33
The Zombie Room,Default,19.69,5,1,9c96cd1329fbd82d,2026-03-31 17:00:33
The Name of the Wind (The Kingkiller Chronicle #1),Default,50.59,3,1,c8614adb1a90b027,2026-03-31 17:00:33
Taking Shots (Assassins #1),Default,18.88,2,1,a7eef9d6795422c1,2026-03-31 17:00:33
Shatter Me (Shatter Me #1),Default,42.4,1,1,9ed7090d8fa690b0,2026-03-31 17:00:33
Paradise Lost (Paradise #1),Default,24.96,1,1,849db7ab7f4a640c,2026-03-31 17:00:33
On the Road (Duluoz Legend),Default,32.36,3,1,9ff997ab15713e53,2026-03-31 17:00:33
Jane Eyre,Default,38.43,5,1,8d390a1fc3133d06,2026-03-31 17:00:33
Frankenstein,Default,38.0,2,1,a492f49a3e2b6a71,2026-03-31 17:00:33
Mesaerion: The Best Science Fiction Stories 1800-1849,Science Fiction,37.59,1,19,e30f54cea9b38190,2026-03-31 17:00:33
Join,Science Fiction,35.67,5,16,18ad3ed896c7ce05,2026-03-31 17:00:33
"William Shakespeare's Star Wars: Verily, A New Hope (William Shakespeare's Star Wars #4)",Science Fiction,43.3,4,15,9270575728a13a61,2026-03-31 17:00:33
The Project,Science Fiction,10.65,1,15,790ef197c8f236f5,2026-03-31 17:00:33
Soft Apocalypse,Science Fiction,26.12,2,15,2a70769cdc6eb8b8,2026-03-31 17:00:33
Sleeping Giants (Themis Files #1),Science Fiction,48.74,1,11,f435aa99d864077d,2026-03-31 17:00:33
Arena,Science Fiction,21.36,4,11,2c34f9432069b52b,2026-03-31 17:00:33
Foundation (Foundation (Publication Order) #1),Science Fiction,32.42,1,5,3fc124f59f3068e4,2026-03-31 17:00:33
The Restaurant at the End of the Universe (Hitchhiker's Guide to the Galaxy #2),Science Fiction,10.92,1,3,0e92ccf1bd39e68f,2026-03-31 17:00:33
Ready Player One,Science Fiction,19.07,4,3,2ef5dc7e278e562a,2026-03-31 17:00:33
"Life, the Universe and Everything (Hitchhiker's Guide to the Galaxy #3)",Science Fiction,33.26,2,3,4b3f4f151c99f472,2026-03-31 17:00:33
Dune (Dune #1),Science Fiction,54.86,1,3,36d5884d44484277,2026-03-31 17:00:33
Do Androids Dream of Electric Sheep? (Blade Runner #1),Science Fiction,51.48,1,3,98330e431e56a9ea,2026-03-31 17:00:33
Three Wishes (River of Time: California #1),Science Fiction,44.18,2,1,460f97a346b44bac,2026-03-31 17:00:33
The Last Girl (The Dominion Trilogy #1),Science Fiction,36.26,2,1,16c71736dae78764,2026-03-31 17:00:33
Having the Barbarian's Baby (Ice Planet Barbarians #7.5),Science Fiction,34.96,4,1,6717a70913b3db79,2026-03-31 17:00:33
The Book of Basketball: The NBA According to The Sports Guy,Sports and Games,44.84,5,3,08decd9664e5d56e,2026-03-31 17:00:33
"Friday Night Lights: A Town, a Team, and a Dream",Sports and Games,51.22,3,3,a9aa3ed5b316470b,2026-03-31 17:00:33
Sugar Rush (Offensive Line #2),Sports and Games,24.42,1,2,ce42e3de94226b2b,2026-03-31 17:00:33
Settling the Score (The Summer Games #1),Sports and Games,44.91,2,1,132adf7335bb384a,2026-03-31 17:00:33
Icing (Aces Hockey #2),Sports and Games,40.44,4,1,3455b45888fb5053,2026-03-31 17:00:33
The Torch Is Passed: A Harding Family Story,Add a comment,19.09,1,16,4eed62cf5f8d8edf,2026-03-31 17:00:33
"The Mindfulness and Acceptance Workbook for Anxiety: A Guide to Breaking Free from Anxiety, Phobias, and Worry Using Acceptance and Commitment Therapy",Add a comment,23.89,4,16,31075275518532d7,2026-03-31 17:00:33
The Art Forger,Add a comment,40.76,3,16,80cfab6bcff3a244,2026-03-31 17:00:33
On a Midnight Clear,Add a comment,14.07,3,16,b757c0c361e689ce,2026-03-31 17:00:33
Judo: Seven Steps to Black Belt (an Introductory Guide for Beginners),Add a comment,53.9,2,16,228f74b74f3a08ae,2026-03-31 17:00:33
"Shobu Samurai, Project Aryoku (#3)",Add a comment,29.06,3,15,0c27e6c3744fc14b,2026-03-31 17:00:33
Modern Romance,Add a comment,28.26,5,15,caf4fe9311f1dc59,2026-03-31 17:00:33
The White Queen (The Cousins' War #1),Add a comment,25.91,5,14,6875c5657661b2fb,2026-03-31 17:00:33
The Song of Achilles,Add a comment,37.4,5,14,e88fb1c9397cfb27,2026-03-31 17:00:33
The Immortal Life of Henrietta Lacks,Add a comment,40.67,2,14,f72f61ad6a5f12ed,2026-03-31 17:00:33
The Dovekeepers,Add a comment,48.78,1,14,3d76bc83c6b644c9,2026-03-31 17:00:33
More Than Music (Chasing the Dream #1),Add a comment,37.61,2,14,47d47155e89c8be7,2026-03-31 17:00:33
Code Name Verity (Code Name Verity #1),Add a comment,22.13,4,14,33a3e0e3ffde0dcd,2026-03-31 17:00:33
Cell,Add a comment,20.29,4,14,bfbb54bc8cdeed2b,2026-03-31 17:00:33
Angels Walking (Angels Walking #1),Add a comment,34.2,2,14,1fbb5f786e53a0ce,2026-03-31 17:00:33
"A Series of Catastrophes and Miracles: A True Story of Love, Science, and Cancer",Add a comment,56.48,2,14,c1379d3744f1dd2c,2026-03-31 17:00:33
A People's History of the United States,Add a comment,40.79,2,14,1ad06aed9349af46,2026-03-31 17:00:33
A Brush of Wings (Angels Walking #3),Add a comment,55.51,1,14,01a177623cce9596,2026-03-31 17:00:33
Rook,Add a comment,37.86,4,13,44d97b6707dae3f0,2026-03-31 17:00:33
The Midnight Watch: A Novel of the Titanic and the Californian,Add a comment,26.2,1,12,14e44163678e24dc,2026-03-31 17:00:33
The Gray Rhino: How to Recognize and Act on the Obvious Dangers We Ignore,Add a comment,59.15,4,12,3063c7e95d0bf76f,2026-03-31 17:00:33
The Children,Add a comment,11.88,3,12,64fd010bf8d15096,2026-03-31 17:00:33
One with You (Crossfire #5),Add a comment,15.71,4,12,81ef44fcc5f454df,2026-03-31 17:00:33
Without Shame,Add a comment,48.27,5,9,ab60e6f5a63e1cfb,2026-03-31 17:00:33
Watchmen,Add a comment,58.05,4,9,d1848064c54e01c7,2026-03-31 17:00:33
A Hero's Curse (The Unseen Chronicles #1),Add a comment,50.49,3,9,c181ca8eabe7d18c,2026-03-31 17:00:33
23 Degrees South: A Tropical Tale of Changing Whether...,Add a comment,35.79,2,9,61cf7eb9d2cd8bb0,2026-03-31 17:00:33
The Glass Castle,Add a comment,16.24,1,7,47f4fd3e8e1dac05,2026-03-31 17:00:33
The Drowning Girls,Add a comment,35.67,3,7,7a10353c9c54cf7c,2026-03-31 17:00:33
Team of Rivals: The Political Genius of Abraham Lincoln,Add a comment,20.12,5,7,ba047a636b7d3793,2026-03-31 17:00:33
John Adams,Add a comment,57.43,4,7,68407606544d6f22,2026-03-31 17:00:33
Good in Bed (Cannie Shapiro #1),Add a comment,37.05,5,7,c00bc29a678a6efb,2026-03-31 17:00:33
The Joy of Cooking,Add a comment,43.27,4,6,d326e189b1210916,2026-03-31 17:00:33
The Golden Compass (His Dark Materials #1),Add a comment,18.77,1,6,d33824cb93ecab6f,2026-03-31 17:00:33
The God Delusion,Add a comment,46.85,3,6,2bc80eba94950873,2026-03-31 17:00:33
Pride and Prejudice,Add a comment,19.27,4,6,720c36b2bee4692e,2026-03-31 17:00:33
Mere Christianity,Add a comment,48.51,3,6,f38f37ed934d84b2,2026-03-31 17:00:33
Fun Home: A Family Tragicomic,Add a comment,56.59,4,6,56a34d0cec11d6b0,2026-03-31 17:00:33
The Raven King (The Raven Cycle #4),Add a comment,30.57,2,5,2e4fc5eacceec12c,2026-03-31 17:00:33
Find Her (Detective D.D. Warren #8),Add a comment,22.37,1,5,b28c7d07afa7063b,2026-03-31 17:00:33
Evicted: Poverty and Profit in the American City,Add a comment,42.27,1,5,75cc85cdbe9ad46b,2026-03-31 17:00:33
A Game of Thrones (A Song of Ice and Fire #1),Add a comment,46.42,2,5,03cbb67c0f990d87,2026-03-31 17:00:33
A Clash of Kings (A Song of Ice and Fire #2),Add a comment,10.79,3,5,89a89e76f3516357,2026-03-31 17:00:33
The Tipping Point: How Little Things Can Make a Big Difference,Add a comment,10.02,2,3,224fa77d4b248046,2026-03-31 17:00:33
The Rest Is Noise: Listening to the Twentieth Century,Add a comment,34.77,1,3,e2d47e82c50d41d9,2026-03-31 17:00:33
The Purpose Driven Life: What on Earth Am I Here for?,Add a comment,37.19,3,3,0e7beedf0ee9380c,2026-03-31 17:00:33
The Hitchhiker's Guide to the Galaxy (Hitchhiker's Guide to the Galaxy #1),Add a comment,47.8,3,3,a8b0ea6490bc818f,2026-03-31 17:00:33
The Girl Who Kicked the Hornet's Nest (Millennium Trilogy #3),Add a comment,57.48,1,3,8f5d16a5a9bd58b2,2026-03-31 17:00:33
"The End of Faith: Religion, Terror, and the Future of Reason",Add a comment,22.13,4,3,b3f2bc2cefb35f05,2026-03-31 17:00:33
The Complete Poems,Add a comment,41.32,5,3,23707d3ddf14a999,2026-03-31 17:00:33
The Catcher in the Rye,Add a comment,24.55,1,3,487449f4f6322f0f,2026-03-31 17:00:33
The Case for Christ (Cases for Christianity),Add a comment,47.84,1,3,970bd3316219e7dc,2026-03-31 17:00:33
The Blind Side: Evolution of a Game,Add a comment,53.71,5,3,cd3dcd83bb002e78,2026-03-31 17:00:33
Seven Days in the Art World,Add a comment,52.33,2,3,07806456878931bc,2026-03-31 17:00:33
Sarah's Key,Add a comment,46.29,1,3,5b2cd5b31a510848,2026-03-31 17:00:33
Rogue Lawyer (Rogue Lawyer #1),Add a comment,50.11,3,3,b4f5672f68ec3a83,2026-03-31 17:00:33
Manuscript Found in Accra,Add a comment,34.98,2,3,546da23278482b0a,2026-03-31 17:00:33
Fire Bound (Sea Haven/Sisters of the Heart #5),Add a comment,21.28,4,3,2ed3a794a70aa85f,2026-03-31 17:00:33
Cosmos,Add a comment,36.17,2,3,dbe33cf29ef1623d,2026-03-31 17:00:33
#GIRLBOSS,Add a comment,50.96,1,3,165affa7adb5eded,2026-03-31 17:00:33
The Sense of an Ending,Add a comment,31.38,3,2,4130678275eb7c8c,2026-03-31 17:00:33
The Republic,Add a comment,33.78,3,1,0ec9d2b018fb10d8,2026-03-31 17:00:33
The Odyssey,Add a comment,29.64,3,1,f0512adadffd2480,2026-03-31 17:00:33
The Light of the Fireflies,Add a comment,54.43,1,1,04e43893e32f9d29,2026-03-31 17:00:33
The Iliad,Add a comment,16.16,1,1,86d8bd7afa5b51b3,2026-03-31 17:00:33
The Communist Manifesto,Add a comment,14.76,3,1,18b4545a5ed15581,2026-03-31 17:00:33
Lord of the Flies,Add a comment,24.89,3,1,71a6471bbdac21d9,2026-03-31 17:00:33
Unicorn Tracks,Fantasy,18.78,3,16,7ae099f3898e0209,2026-03-31 17:00:33
"Saga, Volume 6 (Saga (Collected Editions) #6)",Fantasy,25.02,3,16,c849f0b2f5d6a742,2026-03-31 17:00:33
Princess Between Worlds (Wide-Awake Princess #5),Fantasy,13.34,5,16,0e691eda369f4e09,2026-03-31 17:00:33
Masks and Shadows,Fantasy,56.4,2,16,fa9610a50a1bf149,2026-03-31 17:00:33
Crown of Midnight (Throne of Glass #2),Fantasy,43.29,3,16,7267864328ae8b9d,2026-03-31 17:00:33
"Avatar: The Last Airbender: Smoke and Shadow, Part 3 (Smoke and Shadow #3)",Fantasy,28.09,2,16,6d5300b2d8f37e07,2026-03-31 17:00:33
A Court of Thorns and Roses (A Court of Thorns and Roses #1),Fantasy,52.37,1,16,01d2001ac1e6f8a3,2026-03-31 17:00:33
Throne of Glass (Throne of Glass #1),Fantasy,35.07,3,15,590a9cccf7db9f7d,2026-03-31 17:00:33
The Glittering Court (The Glittering Court #1),Fantasy,44.28,1,15,2dbb7ec08cdd7f3c,2026-03-31 17:00:33
Hollow City (Miss Peregrine’s Peculiar Children #2),Fantasy,42.98,1,15,4ce91d31c1e57c33,2026-03-31 17:00:33
The Star-Touched Queen,Fantasy,46.02,5,14,1528279aec1f3dce,2026-03-31 17:00:33
The Hidden Oracle (The Trials of Apollo #1),Fantasy,52.26,2,14,992974ba6a0536ea,2026-03-31 17:00:33
The Bane Chronicles (The Bane Chronicles #1-11),Fantasy,44.73,4,14,dc6f688b82e42a5b,2026-03-31 17:00:33
Island of Dragons (Unwanteds #7),Fantasy,29.65,1,14,2b52334fab158861,2026-03-31 17:00:33
Demigods & Magicians: Percy and Annabeth Meet the Kanes (Percy Jackson & Kane Chronicles Crossover #1-3),Fantasy,37.51,5,14,3c6fe637a0180b01,2026-03-31 17:00:33
City of Glass (The Mortal Instruments #3),Fantasy,56.02,4,14,966ebb738e0f9d9b,2026-03-31 17:00:33
Searching for Meaning in Gailana,Fantasy,38.73,1,13,2f0213137a80d485,2026-03-31 17:00:33
A Shard of Ice (The Black Symphony Saga #1),Fantasy,56.63,3,9,63d5f1651880dcea,2026-03-31 17:00:33
King's Folly (The Kinsman Chronicles #1),Fantasy,39.61,5,7,4c82371b8cd02d4d,2026-03-31 17:00:33
Every Heart a Doorway (Every Heart A Doorway #1),Fantasy,12.16,5,7,4fa75fc6829431ca,2026-03-31 17:00:33
A Gathering of Shadows (Shades of Magic #2),Fantasy,44.81,4,7,d1378a0ad06ff979,2026-03-31 17:00:33
The Raven Boys (The Raven Cycle #1),Fantasy,57.74,4,5,e0b3a679b83caccc,2026-03-31 17:00:33
The False Prince (The Ascendance Trilogy #1),Fantasy,56.0,5,5,a2a9f76339d21ab1,2026-03-31 17:00:33
Tell the Wind and Fire,Fantasy,45.51,3,5,84126312e2431a09,2026-03-31 17:00:33
A Feast for Crows (A Song of Ice and Fire #4),Fantasy,17.21,4,5,f2c8f4b4c94d5c5c,2026-03-31 17:00:33
The Demonists (Demonist #1),Fantasy,52.11,2,4,ff2dffba388d9922,2026-03-31 17:00:33
The Beast (Black Dagger Brotherhood #14),Fantasy,46.08,5,4,8930013d06942df1,2026-03-31 17:00:33
Paper and Fire (The Great Library #2),Fantasy,49.45,5,4,ae884ac655d6ee3e,2026-03-31 17:00:33
Harry Potter and the Order of the Phoenix (Harry Potter #5),Fantasy,31.63,4,4,5a6b7155f2797537,2026-03-31 17:00:33
Harry Potter and the Half-Blood Prince (Harry Potter #6),Fantasy,48.75,5,4,73f4f87dd936ee5c,2026-03-31 17:00:33
Harry Potter and the Chamber of Secrets (Harry Potter #2),Fantasy,14.74,1,4,c7c4f55b7321cba7,2026-03-31 17:00:33
The Rose & the Dagger (The Wrath and the Dawn #2),Fantasy,58.64,4,3,322a9e34d87f54b1,2026-03-31 17:00:33
Soldier (Talon #3),Fantasy,24.72,2,3,feaaae90514eb2ac,2026-03-31 17:00:33
Midnight Riot (Peter Grant/ Rivers of London - books #1),Fantasy,55.46,2,3,e9056f9b5a40a301,2026-03-31 17:00:33
Heir to the Sky,Fantasy,44.07,4,3,b003f8bb02f76dc5,2026-03-31 17:00:33
Eragon (The Inheritance Cycle #1),Fantasy,43.87,3,3,b843f52a986a2914,2026-03-31 17:00:33
Darkfever (Fever #1),Fantasy,56.02,1,3,468bd274ac084bb9,2026-03-31 17:00:33
Ash,Fantasy,22.06,4,3,5d22e2a46604b6e7,2026-03-31 17:00:33
A Storm of Swords (A Song of Ice and Fire #3),Fantasy,31.22,2,3,87beabf664115d79,2026-03-31 17:00:33
Vampire Girl (Vampire Girl #1),Fantasy,53.82,2,1,dab5e75d1339706a,2026-03-31 17:00:33
The Silent Twin (Detective Jennifer Knight #3),Fantasy,36.25,3,1,9e9932ae1a7d0943,2026-03-31 17:00:33
The Mirror & the Maze (The Wrath and the Dawn #1.5),Fantasy,29.38,1,1,c40b70e0f6d80189,2026-03-31 17:00:33
Sister Sable (The Mad Queen #1),Fantasy,13.33,3,1,3a9a7c5895e82646,2026-03-31 17:00:33
Shadow Rites (Jane Yellowrock #10),Fantasy,21.72,4,1,229cd6564bf0dce4,2026-03-31 17:00:33
Origins (Alphas 0.5),Fantasy,28.99,1,1,8932e5c12f12ffed,2026-03-31 17:00:33
One Second (Seven #7),Fantasy,52.94,2,1,7ea31f38675b91c1,2026-03-31 17:00:33
Myriad (Prentor #1),Fantasy,58.75,4,1,63e20a0f98218a87,2026-03-31 17:00:33
Without Borders (Wanderlove #1),New Adult,45.07,2,16,acddfeab2a407640,2026-03-31 17:00:33
The Mistake (Off-Campus #2),New Adult,43.29,3,15,99ff4cc6491e8f5c,2026-03-31 17:00:33
The Matchmaker's Playbook (Wingmen Inc. #1),New Adult,55.85,1,15,08db62f24627e71f,2026-03-31 17:00:33
The Hook Up (Game On #1),New Adult,36.29,5,1,6e473eff459e809f,2026-03-31 17:00:33
Shameless,New Adult,58.35,3,1,c068c013d6921fea,2026-03-31 17:00:33
Off Sides (Off #1),New Adult,39.45,5,1,b6f1cfadc4dd79d4,2026-03-31 17:00:33
The Requiem Red,Young Adult,22.65,1,19,f77dbf2323deb740,2026-03-31 17:00:33
Set Me Free,Young Adult,17.46,5,19,ce6396b0f23f6ecc,2026-03-31 17:00:33
The Natural History of Us (The Fine Art of Pretending #2),Young Adult,45.22,3,16,cedf82b5086e4691,2026-03-31 17:00:33
Obsidian (Lux #1),Young Adult,14.86,2,16,3c346ab1e76ae1f6,2026-03-31 17:00:33
Burning,Young Adult,28.81,3,16,5ceb951f629700a2,2026-03-31 17:00:33
A Fierce and Subtle Poison,Young Adult,28.13,4,16,842790dfaa937484,2026-03-31 17:00:33
Scarlett Epstein Hates It Here,Young Adult,43.55,5,15,1c929cfd16b71907,2026-03-31 17:00:33
"Nightingale, Sing",Young Adult,38.28,1,15,50b8f80311b31ede,2026-03-31 17:00:33
Library of Souls (Miss Peregrine’s Peculiar Children #3),Young Adult,48.56,5,15,ba54932df84e8cea,2026-03-31 17:00:33
Frostbite (Vampire Academy #2),Young Adult,29.99,5,15,116a2fdc9a45bab0,2026-03-31 17:00:33
Wild Swans,Young Adult,14.36,2,14,3fb15ace50d6142b,2026-03-31 17:00:33
Until Friday Night (The Field Party #1),Young Adult,46.31,2,14,aba2db9afb1469c7,2026-03-31 17:00:33
This Is Where It Ends,Young Adult,27.12,2,14,f0f38174a7e689a3,2026-03-31 17:00:33
The Darkest Lie,Young Adult,35.35,5,14,6edacfd1f8ebb9eb,2026-03-31 17:00:33
My Kind of Crazy,Young Adult,40.36,1,14,137b0b2775701e11,2026-03-31 17:00:33
Don't Get Caught,Young Adult,55.35,1,14,ad2887ce04583910,2026-03-31 17:00:33
Catching Jordan (Hundred Oaks),Young Adult,50.83,3,14,e2e7b683b4c15b7d,2026-03-31 17:00:33
Aristotle and Dante Discover the Secrets of the Universe (Aristotle and Dante Discover the Secrets of the Universe #1),Young Adult,58.14,4,14,41164b8ac02a2c42,2026-03-31 17:00:33
The Epidemic (The Program 0.6),Young Adult,14.44,5,12,f732d7d18a91d2ba,2026-03-31 17:00:33
Stars Above (The Lunar Chronicles #4.5),Young Adult,48.05,2,12,b63ea3f7a57ae099,2026-03-31 17:00:33
No Love Allowed (Dodge Cove #1),Young Adult,54.65,4,12,db84624b151cbe06,2026-03-31 17:00:33
"Exit, Pursued by a Bear",Young Adult,51.34,4,11,c65c25d990fc7025,2026-03-31 17:00:33
The Alien Club,Young Adult,54.4,1,9,e77594ece9b9d1fe,2026-03-31 17:00:33
Don't Forget Steven,Young Adult,33.23,1,9,e845d305f64154f1,2026-03-31 17:00:33
South of Sunshine,Young Adult,28.93,1,8,331c26103d885cae,2026-03-31 17:00:33
My Life Next Door (My Life Next Door ),Young Adult,36.39,5,8,9a7291b89bd5445c,2026-03-31 17:00:33
Future Shock (Future Shock #1),Young Adult,55.65,5,8,df6a7c43faa6732b,2026-03-31 17:00:33
Nightstruck: A Novel,Young Adult,50.35,4,7,746029796363aa51,2026-03-31 17:00:33
Tell the Wolves I'm Home,Young Adult,50.96,2,6,2a1b3d967cda1da2,2026-03-31 17:00:33
"Will Grayson, Will Grayson (Will Grayson, Will Grayson)",Young Adult,47.31,4,5,e75f3ae1da1cc652,2026-03-31 17:00:33
Where She Went (If I Stay #2),Young Adult,41.73,4,5,60369d96b7b80869,2026-03-31 17:00:33
Two Summers,Young Adult,14.64,1,5,3a7d54a264d9f33e,2026-03-31 17:00:33
The Darkest Corners,Young Adult,11.33,5,5,c4182bdb53e2459a,2026-03-31 17:00:33
Tell Me Three Things,Young Adult,41.81,1,5,50d5a7b861ed1c54,2026-03-31 17:00:33
Lola and the Boy Next Door (Anna and the French Kiss #2),Young Adult,23.63,4,5,5e1a88d248599768,2026-03-31 17:00:33
Kill the Boy Band,Young Adult,15.52,5,5,44f545727e704187,2026-03-31 17:00:33
Isla and the Happily Ever After (Anna and the French Kiss #3),Young Adult,48.13,5,5,45045146dbf7b009,2026-03-31 17:00:33
An Abundance of Katherines,Young Adult,10.0,5,5,f36d24c309e87e5b,2026-03-31 17:00:33
Harry Potter and the Prisoner of Azkaban (Harry Potter #3),Young Adult,24.17,4,4,eff24325e0ede639,2026-03-31 17:00:33
Walk the Edge (Thunder Road #2),Young Adult,32.36,3,3,0e4e2d31c2fb3aad,2026-03-31 17:00:33
Two Boys Kissing,Young Adult,32.74,2,3,61bc8167c9680283,2026-03-31 17:00:33
The New Guy (and Other Senior Year Distractions),Young Adult,44.92,3,3,3e42ac0f4d43320f,2026-03-31 17:00:33
"The Land of 10,000 Madonnas",Young Adult,29.64,4,3,35e69a79d2b1e804,2026-03-31 17:00:33
Scarlet (The Lunar Chronicles #2),Young Adult,14.57,4,3,510832818edb6fbc,2026-03-31 17:00:33
Legend (Legend #1),Young Adult,43.69,4,3,0ce8075fab4a2b5b,2026-03-31 17:00:33
Lady Renegades (Rebel Belle #3),Young Adult,53.04,5,3,16e843e6b853cc2f,2026-03-31 17:00:33
Golden (Heart of Dread #3),Young Adult,42.21,4,3,984b3b6e7479b571,2026-03-31 17:00:33
Cinder (The Lunar Chronicles #1),Young Adult,26.09,1,3,7e9579921e5407cb,2026-03-31 17:00:33
Boy Meets Boy,Young Adult,21.12,3,3,8e0bc2fe4e7d35b5,2026-03-31 17:00:33
Annie on My Mind,Young Adult,36.83,5,3,7bf87402413c27ff,2026-03-31 17:00:33
New Moon (Twilight #2),Young Adult,12.86,4,2,6fa3ea52c8e31e06,2026-03-31 17:00:33
Girl Online On Tour (Girl Online #2),Young Adult,53.47,1,2,97b8f130d32e9f4e,2026-03-31 17:00:33
The Haters,Young Adult,27.89,5,1,fff8a057a40c4a60,2026-03-31 17:00:33
The Art of Not Breathing,Young Adult,40.83,4,1,5bc1fbccfbf2355c,2026-03-31 17:00:33
The Most Perfect Thing: Inside (and Outside) a Bird's Egg,Science,42.96,4,16,aadee1c326d286e3,2026-03-31 17:00:33
Immunity: How Elie Metchnikoff Changed the Course of Modern Medicine,Science,57.36,5,16,e4f74c16de34d440,2026-03-31 17:00:33
Sorting the Beef from the Bull: The Science of Food Fraud Forensics,Science,44.74,4,14,3edcccc4f341fb1a,2026-03-31 17:00:33
Tipping Point for Planet Earth: How Close Are We to the Edge?,Science,37.55,1,12,148715df5a02ea5e,2026-03-31 17:00:33
"The Fabric of the Cosmos: Space, Time, and the Texture of Reality",Science,55.91,1,9,ca74f2e3c35a3e77,2026-03-31 17:00:33
Diary of a Citizen Scientist: Chasing Tiger Beetles and Other New Ways of Engaging the World,Science,28.41,1,8,0c11e2d068768dbb,2026-03-31 17:00:33
The Origin of Species,Science,10.01,4,7,0345872b14f9e774,2026-03-31 17:00:33
The Grand Design,Science,13.76,3,5,3213b1f13f5f0f7c,2026-03-31 17:00:33
Peak: Secrets from the New Science of Expertise,Science,16.28,2,5,6036239d2ab349b7,2026-03-31 17:00:33
"The Elegant Universe: Superstrings, Hidden Dimensions, and the Quest for the Ultimate Theory",Science,13.03,4,3,c6bf14cb901c63ac,2026-03-31 17:00:33
"The Disappearing Spoon: And Other True Tales of Madness, Love, and the History of the World from the Periodic Table of the Elements",Science,57.35,5,3,63c0826ef59eae66,2026-03-31 17:00:33
"Surely You're Joking, Mr. Feynman!: Adventures of a Curious Character",Science,25.83,2,3,61002f3b7ba5d780,2026-03-31 17:00:33
Seven Brief Lessons on Physics,Science,30.6,4,3,281a244ce1954711,2026-03-31 17:00:33
The Selfish Gene,Science,29.45,1,1,6f2c0a9adbb2bca9,2026-03-31 17:00:33
A Light in the Attic,Poetry,51.77,3,22,a897fe39b1053632,2026-03-31 17:00:33
The Black Maria,Poetry,52.15,1,19,1dfe412b8ac00530,2026-03-31 17:00:33
Shakespeare's Sonnets,Poetry,20.66,4,19,30a7f60cd76ca58c,2026-03-31 17:00:33
Olio,Poetry,23.88,1,19,feb7cc7701ecf901,2026-03-31 17:00:33
You can't bury them all: Poems,Poetry,33.63,2,17,55f9da0c5eea2e10,2026-03-31 17:00:33
Slow States of Collapse: Poems,Poetry,57.31,3,17,b4fd5943413e089a,2026-03-31 17:00:33
Untitled Collection: Sabbath Poems 2014,Poetry,14.27,4,16,657fe5ead67a7767,2026-03-31 17:00:33
Poems That Make Grown Women Cry,Poetry,14.19,4,15,31001a1210623bd4,2026-03-31 17:00:33
Night Sky with Exit Wounds,Poetry,41.05,1,15,cfeb1e1e0e695b58,2026-03-31 17:00:33
salt.,Poetry,46.78,4,14,86cbddb61ea78bb7,2026-03-31 17:00:33
"Quarter Life Poetry: Poems for the Young, Broke and Hangry",Poetry,50.89,5,14,aa35446aab16017f,2026-03-31 17:00:33
Out of Print: City Lights Spotlight No. 14,Poetry,53.64,5,8,c0fc0cd215ee1724,2026-03-31 17:00:33
Les Fleurs du Mal,Poetry,29.04,5,8,c44c5e1425475206,2026-03-31 17:00:33
Howl and Other Poems,Poetry,40.45,2,8,b7870fa6dc088fbb,2026-03-31 17:00:33
Leave This Song Behind: Teen Poetry at Its Best,Poetry,51.17,5,7,b74ee891e2a6dd69,2026-03-31 17:00:33
The Collected Poems of W.B. Yeats (The Collected Works of W.B. Yeats #1),Poetry,15.42,5,6,3d250ab0f12be445,2026-03-31 17:00:33
The Crossover,Poetry,38.77,4,5,b228042c088b1913,2026-03-31 17:00:33
Booked,Poetry,17.49,5,5,b54d7416bb445989,2026-03-31 17:00:33
Twenty Love Poems and a Song of Despair,Poetry,30.95,4,1,e63c3f25338baf9a,2026-03-31 17:00:33
"Vampire Knight, Vol. 1 (Vampire Knight #1)",Paranormal,15.4,1,1,e7e87087b1a44711,2026-03-31 17:00:33
Wall and Piece,Art,44.18,4,18,ccd9ffa25efabdea,2026-03-31 17:00:33
Feathers: Displays of Brilliant Plumage,Art,49.05,3,14,9194ae88379dbf1a,2026-03-31 17:00:33
Art and Fear: Observations on the Perils (and Rewards) of Artmaking,Art,48.63,4,9,d6d9ffea95f2f8bf,2026-03-31 17:00:33
The New Drawing on the Right Side of the Brain,Art,43.02,3,8,3eec766dda26fa64,2026-03-31 17:00:33
History of Beauty,Art,10.29,4,8,8a150fd8ff5d7686,2026-03-31 17:00:33
The Story of Art,Art,41.14,4,7,9147c5251cc99eb1,2026-03-31 17:00:33
The Art Book,Art,32.34,2,7,4b8fa561a1e52d1c,2026-03-31 17:00:33
Ways of Seeing,Art,39.51,5,1,66a4e422b212726a,2026-03-31 17:00:33
The Lucifer Effect: Understanding How Good People Turn Evil,Psychology,10.4,1,14,4e812d32d64e2431,2026-03-31 17:00:33
The Golden Condom: And Other Essays on Love Lost and Found,Psychology,39.43,1,12,235fa48eeed11d82,2026-03-31 17:00:33
It Didn't Start with You: How Inherited Family Trauma Shapes Who We Are and How to End the Cycle,Psychology,56.27,3,11,ce8666d9b42fc9a0,2026-03-31 17:00:33
An Unquiet Mind: A Memoir of Moods and Madness,Psychology,21.3,3,6,46cb43c2ab133ccc,2026-03-31 17:00:33
"Thinking, Fast and Slow",Psychology,21.14,1,3,719d72f3ee512dc6,2026-03-31 17:00:33
Civilization and Its Discontents,Psychology,59.95,2,3,396385e3de5d18c3,2026-03-31 17:00:33
8 Keys to Mental Health Through Exercise,Psychology,31.04,1,3,f5873c8fc7760000,2026-03-31 17:00:33
The Argonauts,Autobiography,10.93,2,15,c99761a700ade23f,2026-03-31 17:00:33
M Train,Autobiography,27.18,1,11,5569c3fea112718e,2026-03-31 17:00:33
Lab Girl,Autobiography,40.85,1,11,825d6c44da3ca5a6,2026-03-31 17:00:33
Approval Junkie: Adventures in Caring Too Much,Autobiography,58.81,5,5,612369a5947a012e,2026-03-31 17:00:33
Running with Scissors,Autobiography,12.91,4,3,28921443f052bea6,2026-03-31 17:00:33
Me Talk Pretty One Day,Autobiography,57.6,2,3,abc4a7ee16c21088,2026-03-31 17:00:33
Lust & Wonder,Autobiography,11.87,2,3,0dcadb06206abd3c,2026-03-31 17:00:33
Life Without a Recipe,Autobiography,59.04,5,3,c53d9fefcda371e9,2026-03-31 17:00:33
A Heartbreaking Work of Staggering Genius,Autobiography,54.29,5,3,c9770bb1d5a492a0,2026-03-31 17:00:33
Catastrophic Happiness: Finding Joy in Childhood's Messy Years,Parenting,37.35,2,3,ef49db2aaa9bb547,2026-03-31 17:00:33
Fifty Shades Freed (Fifty Shades #3),Adult Fiction,15.36,5,3,ed813a848580ba50,2026-03-31 17:00:33
The Long Haul (Diary of a Wimpy Kid #9),Humor,44.07,1,14,f21effc079a2b38a,2026-03-31 17:00:33
Old School (Diary of a Wimpy Kid #10),Humor,11.83,5,14,02b74068fa98d8a4,2026-03-31 17:00:33
I Know What I'm Doing -- and Other Lies I Tell Myself: Dispatches from a Life Under Construction,Humor,25.98,4,14,b8a8ff84233f0570,2026-03-31 17:00:33
"Hyperbole and a Half: Unfortunate Situations, Flawed Coping Mechanisms, Mayhem, and Other Things That Happened",Humor,14.75,5,14,fbb21a2f71f4d981,2026-03-31 17:00:33
Dress Your Family in Corduroy and Denim,Humor,43.68,3,9,7e9068872228c474,2026-03-31 17:00:33
Toddlers Are A**holes: It's Not Your Fault,Humor,25.55,1,7,4242cc3d0437db12,2026-03-31 17:00:33
When You Are Engulfed in Flames,Humor,30.89,5,3,dab0196cd5fc8e5e,2026-03-31 17:00:33
Naked,Humor,31.69,3,3,54aeeb4610d3ae08,2026-03-31 17:00:33
"Lamb: The Gospel According to Biff, Christ's Childhood Pal",Humor,55.5,5,3,190fbebbf798c31a,2026-03-31 17:00:33
Holidays on Ice,Humor,51.07,2,3,0cb4856be3694a57,2026-03-31 17:00:33
Security,Horror,39.25,2,16,6f78a0d744c35456,2026-03-31 17:00:33
Follow You Home,Horror,21.36,1,15,8585760646e3aa2a,2026-03-31 17:00:33
The Loney,Horror,23.4,1,14,2d88a31f325dfd3b,2026-03-31 17:00:33
Pet Sematary,Horror,10.56,3,14,af58a74e4b2a23a0,2026-03-31 17:00:33
Doctor Sleep (The Shining #2),Horror,40.12,2,14,bf5de316a5e9a4ab,2026-03-31 17:00:33
Psycho: Sanitarium (Psycho #1.5),Horror,36.97,5,12,b8d7b3f5c7a95d65,2026-03-31 17:00:33
Can You Keep a Secret? (Fear Street Relaunch #4),Horror,48.64,1,12,d069086944f2e330,2026-03-31 17:00:33
Red Dragon (Hannibal Lecter #1),Horror,23.37,3,5,e958ae92f328c181,2026-03-31 17:00:33
Dracula the Un-Dead,Horror,35.63,5,5,e46b1074b99ac4b6,2026-03-31 17:00:33
Night Shift (Night Shift #1-20),Horror,12.75,4,4,869d20b3b8128230,2026-03-31 17:00:33
Needful Things,Horror,47.51,4,4,70b585c9d0f15725,2026-03-31 17:00:33
Misery,Horror,34.79,2,4,81d4191030b9704b,2026-03-31 17:00:33
It,Horror,25.01,3,4,670a2773607d785d,2026-03-31 17:00:33
'Salem's Lot,Horror,49.56,4,4,6e9403f00acd6752,2026-03-31 17:00:33
The Stand,Horror,57.86,2,3,49f24193f0b961e6,2026-03-31 17:00:33
The Girl with All the Gifts,Horror,49.47,3,3,92dcc54a27107a37,2026-03-31 17:00:33
House of Leaves,Horror,54.89,1,3,557c03c284be1bf2,2026-03-31 17:00:33
Sapiens: A Brief History of Humankind,History,54.23,5,20,4165285e1663650f,2026-03-31 17:00:33
"Unbound: How Eight Technologies Made Us Human, Transformed Society, and Brought Our World to the Brink",History,25.52,1,16,9a9d6e9bc555731e,2026-03-31 17:00:33
The Age of Genius: The Seventeenth Century and the Birth of the Modern Mind,History,19.73,1,16,a3d2a4250807f1e9,2026-03-31 17:00:33
"Political Suicide: Missteps, Peccadilloes, Bad Calls, Backroom Hijinx, Sordid Pasts, Rotten Breaks, and Just Plain Dumb Mistakes in the Annals of American Politics",History,36.28,2,16,7392c0032f92d816,2026-03-31 17:00:33
Thomas Jefferson and the Tripoli Pirates: The Forgotten War That Changed American History,History,59.64,1,15,de3f25248ba0789f,2026-03-31 17:00:33
Zealot: The Life and Times of Jesus of Nazareth,History,24.7,3,14,dd5bfa6cc2c0ecc3,2026-03-31 17:00:33
A Distant Mirror: The Calamitous 14th Century,History,14.58,3,14,d5e0526e1ab682a3,2026-03-31 17:00:33
1491: New Revelations of the Americas Before Columbus,History,21.8,3,14,6e8e5626ac4d279e,2026-03-31 17:00:33
Brilliant Beacons: A History of the American Lighthouse,History,11.45,3,8,7f5157bf53065d36,2026-03-31 17:00:33
"""Most Blessed of the Patriarchs"": Thomas Jefferson and the Empire of the Imagination",History,44.48,5,8,f16c2edb2a603f92,2026-03-31 17:00:33
A Short History of Nearly Everything,History,52.4,5,7,6c7fa6844380f50a,2026-03-31 17:00:33
The Rise and Fall of the Third Reich: A History of Nazi Germany,History,39.67,2,6,774fa432bd7d9c47,2026-03-31 17:00:33
Catherine the Great: Portrait of a Woman,History,58.55,4,6,f3c70d296ec796c4,2026-03-31 17:00:33
The Mathews Men: Seven Brothers and the War Against Hitler's U-boats,History,42.91,5,5,0d210d2448c3018f,2026-03-31 17:00:33
The Hiding Place,History,55.91,4,5,c4589ee5977a47be,2026-03-31 17:00:33
America's War for the Greater Middle East: A Military History,History,51.22,2,5,add33db6ff80db24,2026-03-31 17:00:33
The Guns of August,History,14.54,2,3,b5da59dd177eb36b,2026-03-31 17:00:33
"House of Lost Worlds: Dinosaurs, Dynasties, and the Story of Life on Earth",History,43.7,2,3,1812b8f5641287e3,2026-03-31 17:00:33
"Foolproof Preserving: A Guide to Small Batch Jams, Jellies, Pickles, Condiments, and More: A Foolproof Guide to Making Small Batch Jams, Jellies, Pickles, Condiments, and More",Food and Drink,30.52,3,19,5674a18a29a43ced,2026-03-31 17:00:33
"The Pioneer Woman Cooks: Dinnertime: Comfort Classics, Freezer Food, 16-Minute Meals, and Other Delicious Ways to Solve Supper!",Food and Drink,56.41,1,16,142d767a56a9254d,2026-03-31 17:00:33
My Paris Kitchen: Recipes and Stories,Food and Drink,33.37,2,16,784bc2279baa878d,2026-03-31 17:00:33
"Mama Tried: Traditional Italian Cooking for the Screwed, Crude, Vegan, and Tattooed",Food and Drink,14.02,4,16,72f9d5be3472d34e,2026-03-31 17:00:33
"Layered: Baking, Building, and Styling Spectacular Cakes",Food and Drink,40.11,1,16,7b75cc7f223791f4,2026-03-31 17:00:33
The Nerdy Nummies Cookbook: Sweet Treats for the Geek in All of Us,Food and Drink,37.34,5,15,e4c7f3487d17fd42,2026-03-31 17:00:33
The Love and Lemons Cookbook: An Apple-to-Zucchini Celebration of Impromptu Cooking,Food and Drink,37.6,2,15,e28e330cbdf01126,2026-03-31 17:00:33
The Cookies & Cups Cookbook: 125+ sweet & savory recipes reminding you to Always Eat Dessert First,Food and Drink,41.25,1,15,96a38e7c813d8f1d,2026-03-31 17:00:33
"Deliciously Ella Every Day: Quick and Easy Recipes for Gluten-Free Snacks, Packed Lunches, and Simple Meals",Food and Drink,42.16,3,15,46c1530d7546ea6d,2026-03-31 17:00:33
The Help Yourself Cookbook for Kids: 60 Easy Plant-Based Recipes Kids Can Make to Stay Healthy and Save the Earth,Food and Drink,28.77,3,14,ddc8340dabc8641b,2026-03-31 17:00:33
"It's All Easy: Healthy, Delicious Weeknight Meals in under 30 Minutes",Food and Drink,19.55,1,14,245e6bf08b8d2955,2026-03-31 17:00:33
Barefoot Contessa Back to Basics,Food and Drink,28.01,1,14,999912e63a3262ae,2026-03-31 17:00:33
Barefoot Contessa at Home: Everyday Recipes You'll Make Over and Over Again,Food and Drink,50.62,5,14,0e0da9192a025efc,2026-03-31 17:00:33
My Kitchen Year: 136 Recipes That Saved My Life,Food and Drink,11.53,2,13,8bbd7df8a324f31d,2026-03-31 17:00:33
Everyday Italian: 125 Simple and Delicious Recipes,Food and Drink,20.1,5,12,76319fe9d8b465a3,2026-03-31 17:00:33
"A la Mode: 120 Recipes in 60 Pairings: Pies, Tarts, Cakes, Crisps, and More Topped with Ice Cream, Gelato, Frozen Custard, and More",Food and Drink,38.77,1,12,a4eef523118805ef,2026-03-31 17:00:33
Cravings: Recipes for What You Want to Eat,Food and Drink,20.5,3,11,2587c54f5530dafc,2026-03-31 17:00:33
"The Moosewood Cookbook: Recipes from Moosewood Restaurant, Ithaca, New York",Food and Drink,12.34,4,9,65cfc9f242c2984a,2026-03-31 17:00:33
32 Yolks,Food and Drink,53.63,2,8,b1a227b7609ff263,2026-03-31 17:00:33
"Naturally Lean: 125 Nourishing Gluten-Free, Plant-Based Recipes--All Under 300 Calories",Food and Drink,11.38,5,7,924438fc6cbec836,2026-03-31 17:00:33
How to Cook Everything Vegetarian: Simple Meatless Recipes for Great Food (How to Cook Everything),Food and Drink,46.01,4,7,2a9fcb3382d351c8,2026-03-31 17:00:33
How to Be a Domestic Goddess: Baking and the Art of Comfort Cooking,Food and Drink,28.25,2,7,eff5710404e2ff78,2026-03-31 17:00:33
The Barefoot Contessa Cookbook,Food and Drink,59.92,5,6,6478ccb4416e6a5d,2026-03-31 17:00:33
Better Homes and Gardens New Cook Book,Food and Drink,39.61,3,6,faf841f81c52638b,2026-03-31 17:00:33
The Power Greens Cookbook: 140 Delicious Superfood Recipes,Food and Drink,11.05,5,5,f701fae56b645ef7,2026-03-31 17:00:33
Mexican Today: New and Rediscovered Recipes for Contemporary Kitchens,Food and Drink,24.91,5,5,12a90b90283b2e6d,2026-03-31 17:00:33
Vegan Vegetarian Omnivore: Dinner for Everyone at the Table,Food and Drink,13.66,2,3,4672d10b9b1e7a05,2026-03-31 17:00:33
The Smitten Kitchen Cookbook,Food and Drink,23.59,1,3,742702d662a71410,2026-03-31 17:00:33
"The Art of Simple Food: Notes, Lessons, and Recipes from a Delicious Revolution",Food and Drink,34.32,3,3,311634df10651e05,2026-03-31 17:00:33
Hungry Girl Clean & Hungry: Easy All-Natural Recipes for Healthy Eating in the Real World,Food and Drink,33.14,3,3,6c4d17a46cac8787,2026-03-31 17:00:33
Redeeming Love,Christian Fiction,20.47,5,15,b53db2271c9624f7,2026-03-31 17:00:33
Close to You,Christian Fiction,49.46,4,15,a57b1dcbd6849222,2026-03-31 17:00:33
Shadows of the Past (Logan Point #1),Christian Fiction,39.67,5,8,bee6e93e9976f4fa,2026-03-31 17:00:33
Like Never Before (Walker Family #2),Christian Fiction,28.77,2,7,b6670507e85b30e6,2026-03-31 17:00:33
Counted With the Stars (Out from Egypt #1),Christian Fiction,17.97,5,7,4807043b8218e9ce,2026-03-31 17:00:33
If I Run (If I Run #1),Christian Fiction,49.97,4,3,61569d12d4ae7161,2026-03-31 17:00:33
The Dirty Little Secrets of Getting Your Dream Job,Business,33.34,4,19,2597b5a345f45e1b,2026-03-31 17:00:33
The Third Wave: An Entrepreneur’s Vision of the Future,Business,12.61,5,15,3bebf34ee9330cbd,2026-03-31 17:00:33
The 10% Entrepreneur: Live Your Startup Dream Without Quitting Your Day Job,Business,27.55,3,15,56e4f9eab2e8e674,2026-03-31 17:00:33
Shoe Dog: A Memoir by the Creator of NIKE,Business,23.99,2,15,0e0dcc3339602b28,2026-03-31 17:00:33
Made to Stick: Why Some Ideas Survive and Others Die,Business,38.85,5,14,b96fc7a0ea7d4b45,2026-03-31 17:00:33
Quench Your Own Thirst: Business Lessons Learned Over a Beer or Two,Business,43.14,1,12,8976d9161c027142,2026-03-31 17:00:33
The Art of Startup Fundraising,Business,21.0,3,11,1c584f82a7a1c4f0,2026-03-31 17:00:33
Born for This: How to Find the Work You Were Meant to Do,Business,21.59,5,11,816180220e8cb419,2026-03-31 17:00:33
The E-Myth Revisited: Why Most Small Businesses Don't Work and What to Do About It,Business,36.91,1,8,a2308a936e898d48,2026-03-31 17:00:33
"Rich Dad, Poor Dad",Business,51.74,1,7,8486f61aa81a3daa,2026-03-31 17:00:33
The Lean Startup: How Today's Entrepreneurs Use Continuous Innovation to Create Radically Successful Businesses,Business,33.92,3,3,70c7c3ca7f9b2728,2026-03-31 17:00:33
Rework,Business,44.88,2,3,8e9dd8431170c09e,2026-03-31 17:00:33
Louisa: The Extraordinary Life of Mrs. Adams,Biography,16.85,2,15,d69dd8dac66f9f84,2026-03-31 17:00:33
"Setting the World on Fire: The Brief, Astonishing Life of St. Catherine of Siena",Biography,21.15,2,11,b06599b108e83f98,2026-03-31 17:00:33
The Faith of Christopher Hitchens: The Restless Soul of the World's Most Notorious Atheist,Biography,39.55,1,7,57f85720e54d6442,2026-03-31 17:00:33
Benjamin Franklin: An American Life,Biography,48.19,3,7,5b546a46a86a9d8c,2026-03-31 17:00:33
The Rise of Theodore Roosevelt (Theodore Roosevelt #1),Biography,42.57,3,3,1a5044d233936b1a,2026-03-31 17:00:33
In Her Wake,Thriller,12.84,1,19,23356462d1320d61,2026-03-31 17:00:33
The Elephant Tree,Thriller,23.82,5,18,5dada2b7be26bd03,2026-03-31 17:00:33
Behind Closed Doors,Thriller,52.22,4,18,be5cc846f45496fb,2026-03-31 17:00:33
You (You #1),Thriller,43.61,5,14,024387ca4cafd5cc,2026-03-31 17:00:33
The Guilty (Will Robie #4),Thriller,13.82,2,14,847935fc68707426,2026-03-31 17:00:33
The 14th Colony (Cotton Malone #11),Thriller,39.24,1,14,1b8187fa4bf6ab05,2026-03-31 17:00:33
Give It Back,Thriller,18.32,2,6,012170e4fc87ace0,2026-03-31 17:00:33
Killing Floor (Jack Reacher #1),Thriller,31.49,4,5,8dde2ff3f6fcc0a3,2026-03-31 17:00:33
The Bone Hunters (Lexy Vaughan & Steven Macaulay #2),Thriller,59.71,3,4,9c4d061c1e2fe6bf,2026-03-31 17:00:33
Far From True (Promise Falls Trilogy #2),Thriller,34.93,2,4,ad15a9a139919918,2026-03-31 17:00:33
The Travelers,Thriller,15.77,1,3,2b685187f55c5d31,2026-03-31 17:00:33
When We Collided,Contemporary,31.77,1,16,3ecb690d1542c568,2026-03-31 17:00:33
Someone Like You (The Harrisons #2),Contemporary,52.79,5,14,a278db6b2b09cf9f,2026-03-31 17:00:33
We Are All Completely Beside Ourselves,Contemporary,24.04,1,3,be3db344a845580b,2026-03-31 17:00:33
The Four Agreements: A Practical Guide to Personal Freedom,Spirituality,17.66,5,18,6258a1f6a6dcfe50,2026-03-31 17:00:33
The Activist's Tao Te Ching: Ancient Advice for a Modern Revolution,Spirituality,32.24,5,16,7d6d2a6c0276f81b,2026-03-31 17:00:33
Chasing Heaven: What Dying Taught Me About Living,Spirituality,37.8,2,15,513271dadc1322ae,2026-03-31 17:00:33
If I Gave You God's Phone Number....: Searching for Spirituality in America,Spirituality,20.91,1,9,8fab4c4f6f82a4ce,2026-03-31 17:00:33
Unreasonable Hope: Finding Faith in the God Who Brings Purpose to Your Pain,Spirituality,46.33,2,7,48cb52d78c992487,2026-03-31 17:00:33
A New Earth: Awakening to Your Life's Purpose,Spirituality,55.65,5,4,f6ae39568db1130e,2026-03-31 17:00:33
Logan Kade (Fallen Crest High #5.5),Academic,13.12,2,5,7093cf549cd2e7de,2026-03-31 17:00:33
Online Marketing for Busy Authors: A Step-By-Step Guide,Self Help,46.35,1,16,9ffa38d3b832433a,2026-03-31 17:00:33
How to Be Miserable: 40 Strategies You Already Use,Self Help,46.03,1,16,a6f99b9e687f9d46,2026-03-31 17:00:33
"Overload: How to Unplug, Unwind, and Unleash Yourself from the Pressure of Stress",Self Help,52.15,3,14,8ecf0356a3878811,2026-03-31 17:00:33
You Are a Badass: How to Stop Doubting Your Greatness and Start Living an Awesome Life,Self Help,12.08,3,7,88ec621893e595d0,2026-03-31 17:00:33
How to Stop Worrying and Start Living,Self Help,46.49,5,6,e792c0969cefe1b8,2026-03-31 17:00:33
All the Light We Cannot See,Historical,29.87,5,14,39861fc1c0845d15,2026-03-31 17:00:33
The Girl You Left Behind (The Girl You Left Behind #1),Historical,15.79,1,6,eb7459e0c570251d,2026-03-31 17:00:33
(Un)Qualified: How God Uses Broken People to Do Big Things,Christian,54.0,5,16,e4ac92d89b946781,2026-03-31 17:00:33
Crazy Love: Overwhelmed by a Relentless God,Christian,47.72,2,14,4b9d9cfe0f435788,2026-03-31 17:00:33
Blue Like Jazz: Nonreligious Thoughts on Christian Spirituality,Christian,25.77,1,7,a322361a37a78d3d,2026-03-31 17:00:33
Silence in the Dark (Logan Point #4),Suspense,58.33,3,8,e46a164cf310fd7d,2026-03-31 17:00:33
The Grownup,Short Stories,35.88,1,8,1bba4b1ba23ed2d6,2026-03-31 17:00:33
Suzie Snowflake: One beautiful flake (a self-esteem story),Novels,54.81,5,9,0e095ed785af7e43,2026-03-31 17:00:33
"The Bulletproof Diet: Lose up to a Pound a Day, Reclaim Energy and Focus, Upgrade Your Life",Health,49.05,3,16,43c6a960757cf559,2026-03-31 17:00:33
"Eat Fat, Get Thin",Health,54.07,2,14,047dfa57ba0bf638,2026-03-31 17:00:33
10-Day Green Smoothie Cleanse: Lose Up to 15 Pounds in 10 Days!,Health,49.71,5,10,96aa539bfd4c07e2,2026-03-31 17:00:33
The Art and Science of Low Carbohydrate Living,Health,52.98,5,9,f9c87ccb2bc4853b,2026-03-31 17:00:33
Libertarianism for Beginners,Politics,51.33,2,19,a18a4f574854aced,2026-03-31 17:00:33
Why the Right Went Wrong: Conservatism--From Goldwater to the Tea Party and Beyond,Politics,52.65,4,14,2b5054a4192e9b06,2026-03-31 17:00:33
Equal Is Unfair: America's Misguided Fight Against Income Inequality,Politics,56.86,1,12,3968e3fbf4695d7c,2026-03-31 17:00:33
Amid the Chaos,Cultural,36.58,1,15,bb8245f52c7cce8f,2026-03-31 17:00:33
Dark Notes,Erotica,19.19,5,15,88c21fcd38e2486e,2026-03-31 17:00:33
The Long Shadow of Small Ghosts: Murder and Memory in an American City,Crime,10.97,1,15,abeafe151a587d3b,2026-03-31 17:00:33
